Game,GameDate,PlayerID,GroupID,Level,Order,Track,Car,Body,Engine,Tire,Finished,FinishTime,TopSpeedReached,TimeTo30,TimeTo60,TimeTo100,CheckPoint1,CheckPoint2,CheckPoint3,TimeOnTrack,TimeOffTrack,Mass,Drag,Traction,FullTorqueOverAllWheel,TopSpeed,TireRadius
1351,8/27/2019 12:09,agt,geog391,Paired,1,OvalTrack,1,Bayes,Bayes,Bayes,1,28.3,49.42,6.63,-1,-1,10.77,15.03,18.76,27.5,0.8,1500,0.15,1,2500,150,0.4
1439,8/27/2019 12:14,agt,geog391,Paired,2,OvalTrack,7,Bayes,Gauss,Bayes,1,23.98,69.73,6.29,19.08,-1,10.77,15.03,18.76,22.4,1.58,1500,0.1,1,2500,150,0.4
1326,8/27/2019 12:07,bigstatsfan99,geog391,Paired,1,OvalTrack,1,Bayes,Bayes,Bayes,1,27.24,50.57,7.05,-1,-1,10.44,14.71,18.43,25.88,1.36,1500,0.15,1,2500,150,0.4
1419,8/27/2019 12:13,bigstatsfan99,geog391,Paired,2,OvalTrack,7,Bayes,Gauss,Bayes,1,22.35,65.92,6.93,17.13,-1,10.44,14.71,18.43,22.08,0.26,1500,0.1,1,2500,150,0.4
1453,8/29/2019 10:55,bigstatsfan99,geog391,CreateCar,3,OvalTrack,19,Gauss,Bayes,Bayes,1,25.19,56.76,7.72,-1,-1,10.44,14.71,18.43,24.14,1.04,1500,0.1,1,2150,150,0.4
1455,8/29/2019 10:58,bigstatsfan99,geog391,CreateCar,4,OvalTrack,25,Gauss,Gauss,Bayes,1,23.53,67.87,5.91,15.86,-1,10.44,14.71,18.43,21.49,2.03,1500,0.05,1,2500,150,0.4
1434,8/27/2019 12:14,cba,geog391,Paired,1,OvalTrack,1,Bayes,Bayes,Bayes,1,29.41,51.14,6.63,-1,-1,10.12,14.39,18.1,25.61,3.79,1500,0.15,1,2500,150,0.4
1465,8/29/2019 11:03,cba,geog391,Paired,2,OvalTrack,7,Bayes,Gauss,Bayes,1,24.43,62.76,6.94,19.58,-1,9.83,16.26,22.21,22.71,1.71,1500,0.1,1,2500,150,0.4
1478,8/29/2019 11:05,cba,geog391,CreateCar,3,OvalTrack,19,Gauss,Bayes,Bayes,1,28.45,51.82,7.66,-1,-1,9.83,16.26,22.21,25.29,3.16,1500,0.1,1,2150,150,0.4
1488,8/29/2019 11:06,cba,geog391,CreateCar,4,OvalTrack,25,Gauss,Gauss,Bayes,1,21.43,75.87,5.93,12.31,-1,9.83,16.26,22.21,19.91,1.51,1500,0.05,1,2500,150,0.4
1327,8/27/2019 12:07,del1234,geog391,Paired,1,OvalTrack,1,Bayes,Bayes,Bayes,1,39.36,46.6,11.22,-1,-1,11.52,21.22,30.9,31.52,7.83,1500,0.15,1,2500,150,0.4
1358,8/27/2019 12:09,del1234,geog391,Paired,2,OvalTrack,7,Bayes,Gauss,Bayes,1,31.89,52.83,6.4,-1,-1,11.52,21.22,30.9,29.56,2.32,1500,0.1,1,2500,150,0.4
1390,8/27/2019 12:11,del1234,geog391,CreateCar,3,OvalTrack,25,Gauss,Gauss,Bayes,1,33.91,63.93,5.97,20.18,-1,11.52,21.22,30.9,24.13,9.78,1500,0.05,1,2500,150,0.4
1413,8/27/2019 12:12,del1234,geog391,CreateCar,4,OvalTrack,19,Gauss,Bayes,Bayes,1,29.78,30.93,18.49,-1,-1,11.52,21.22,30.9,9.72,20.05,1500,0.1,1,2150,150,0.4
1501,8/29/2019 11:08,don't ask who joe is,geog391,Paired,1,OvalTrack,1,Bayes,Bayes,Bayes,1,24.81,51.71,6.63,-1,-1,10.77,15.04,18.75,24.35,0.45,1500,0.15,1,2500,150,0.4
1510,8/29/2019 11:10,don't ask who joe is,geog391,Paired,2,OvalTrack,7,Bayes,Gauss,Bayes,1,23.56,63.51,6.61,21.83,-1,10.77,15.04,18.75,22.83,0.73,1500,0.1,1,2500,150,0.4
1474,8/29/2019 11:05,dtx,geog391,Paired,1,OvalTrack,7,Bayes,Gauss,Bayes,1,21.63,65.93,7,14.58,-1,15.05,19.3,23.05,21.4,0.23,1500,0.1,1,2500,150,0.4
1491,8/29/2019 11:06,dtx,geog391,CreateCar,2,OvalTrack,19,Gauss,Bayes,Bayes,1,23.03,64.49,7.68,19.35,-1,15.05,19.3,23.05,23.03,0,1500,0.1,1,2150,150,0.4
1505,8/29/2019 11:08,dtx,geog391,CreateCar,3,OvalTrack,25,Gauss,Gauss,Bayes,1,18.43,94.11,5.91,10.81,-1,15.05,19.3,23.05,18.43,0,1500,0.05,1,2500,150,0.4
1516,8/29/2019 11:11,dtx,geog391,Paired,4,OvalTrack,1,Bayes,Bayes,Bayes,1,23.17,55.69,6.56,-1,-1,15.05,19.3,23.05,23.17,0,1500,0.15,1,2500,150,0.4
1346,8/27/2019 12:09,harold,geog391,Paired,1,OvalTrack,1,Bayes,Bayes,Bayes,1,33.68,47.02,7.55,-1,-1,10.78,15.04,18.76,27.11,6.57,1500,0.15,1,2500,150,0.4
1387,8/27/2019 12:11,harold,geog391,Paired,2,OvalTrack,7,Bayes,Gauss,Bayes,1,28.78,57.98,6.19,-1,-1,10.78,15.04,18.76,23.68,5.09,1500,0.1,1,2500,150,0.4
1469,8/29/2019 11:04,harold,geog391,CreateCar,3,OvalTrack,19,Gauss,Bayes,Bayes,1,31,56.78,7.93,-1,-1,11,16.89,27.77,24.16,6.84,1500,0.1,1,2150,150,0.4
1487,8/29/2019 11:06,harold,geog391,CreateCar,4,OvalTrack,25,Gauss,Gauss,Bayes,1,21.34,84.77,6.29,11.37,-1,11,16.89,27.77,19.53,1.8,1500,0.05,1,2500,150,0.4
1330,8/27/2019 12:08,hd,geog391,Paired,1,OvalTrack,1,Bayes,Bayes,Bayes,1,27.78,52.31,10.47,-1,-1,9.02,13.25,16.97,26.77,1.01,1500,0.15,1,2500,150,0.4
1388,8/27/2019 12:11,hd,geog391,Paired,2,OvalTrack,7,Bayes,Gauss,Bayes,1,28.07,57.09,6.98,-1,-1,9.02,13.25,16.97,25.29,2.77,1500,0.1,1,2500,150,0.4
1485,8/29/2019 11:06,hd,geog391,CreateCar,3,OvalTrack,19,Gauss,Bayes,Bayes,1,29.76,50.35,7.12,-1,-1,9.94,17.96,27.61,26.34,3.41,1500,0.1,1,2150,150,0.4
1504,8/29/2019 11:08,hd,geog391,CreateCar,4,OvalTrack,25,Gauss,Gauss,Bayes,1,26.21,74.48,5.92,16.97,-1,9.94,17.96,27.61,20.58,5.62,1500,0.05,1,2500,150,0.4
1345,8/27/2019 12:08,ilovestats,geog391,Paired,1,OvalTrack,1,Bayes,Bayes,Bayes,1,28.78,49.5,6.71,-1,-1,9.15,13.39,17.11,26.96,1.81,1500,0.15,1,2500,150,0.4
1383,8/27/2019 12:11,ilovestats,geog391,Paired,2,OvalTrack,7,Bayes,Gauss,Bayes,1,26.23,60.88,6.98,18.54,-1,9.15,13.39,17.11,24.14,2.08,1500,0.1,1,2500,150,0.4
1424,8/27/2019 12:13,ilovestats,geog391,CreateCar,3,OvalTrack,19,Gauss,Bayes,Bayes,1,28.58,50.46,6.43,-1,-1,9.15,13.39,17.11,26.54,2.03,1500,0.1,1,2150,150,0.4
1443,8/27/2019 12:39,ilovestats,geog391,CreateCar,4,OvalTrack,25,Gauss,Gauss,Bayes,1,23.73,71.26,8.1,17.88,-1,9.15,13.39,17.11,21.96,1.76,1500,0.05,1,2500,150,0.4
1378,8/27/2019 12:11,jacko,geog391,Paired,1,OvalTrack,1,Bayes,Bayes,Bayes,1,28.99,50.01,7.57,-1,-1,9.14,12.81,15.86,27.04,1.94,1500,0.15,1,2500,150,0.4
1409,8/27/2019 12:12,jacko,geog391,Paired,2,OvalTrack,7,Bayes,Gauss,Bayes,1,24.24,61.2,6.92,17.6,-1,9.14,12.81,15.86,23.61,0.62,1500,0.1,1,2500,150,0.4
1475,8/29/2019 11:05,janisrae,geog391,CreateCar,1,OvalTrack,19,Gauss,Bayes,Bayes,1,23.99,62.15,7.97,21.96,-1,10.92,16.72,22.54,23.99,0,1500,0.1,1,2150,150,0.4
1350,8/27/2019 12:09,janisrae,geog391,Paired,2,OvalTrack,1,Bayes,Bayes,Bayes,1,27.43,49.83,6.41,-1,-1,10.52,14.77,18.49,26.11,1.31,1500,0.15,1,2500,150,0.4
1380,8/27/2019 12:11,janisrae,geog391,CreateCar,3,OvalTrack,25,Gauss,Gauss,Bayes,1,22.64,69.53,5.98,15,-1,10.52,14.77,18.49,20.41,2.23,1500,0.05,1,2500,150,0.4
1408,8/27/2019 12:12,janisrae,geog391,Paired,4,OvalTrack,7,Bayes,Gauss,Bayes,1,21.81,65.58,5.6,16.34,-1,10.52,14.77,18.49,21.35,0.46,1500,0.1,1,2500,150,0.4
1445,8/27/2019 17:09,jtpau,geog391,Paired,1,OvalTrack,1,Bayes,Bayes,Bayes,1,23.9,55.05,6.64,-1,-1,14.37,18.59,22.48,23.9,0,1500,0.15,1,2500,150,0.4
1447,8/27/2019 17:11,jtpau,geog391,Paired,2,OvalTrack,7,Bayes,Gauss,Bayes,1,21.37,72.39,6.92,14.48,-1,14.37,18.59,22.48,21.37,0,1500,0.1,1,2500,150,0.4
1449,8/27/2019 17:13,jtpau,geog391,CreateCar,3,OvalTrack,19,Gauss,Bayes,Bayes,1,22.21,63.68,6.49,19.09,-1,14.37,18.59,22.48,22.21,0,1500,0.1,1,2150,150,0.4
1451,8/27/2019 17:14,jtpau,geog391,CreateCar,4,OvalTrack,25,Gauss,Gauss,Bayes,1,20.11,83.66,5.91,10.88,-1,14.37,18.59,22.48,18.74,1.36,1500,0.05,1,2500,150,0.4
1309,8/27/2019 12:05,langston,geog391,Paired,1,OvalTrack,1,Bayes,Bayes,Bayes,1,32.92,46.7,6.63,-1,-1,14.79,26.32,38.14,30.64,2.28,1500,0.15,1,2500,150,0.4
1340,8/27/2019 12:08,langston,geog391,Paired,2,OvalTrack,7,Bayes,Gauss,Bayes,1,33.17,65.5,14.08,21.78,-1,14.79,26.32,38.14,30.83,2.34,1500,0.1,1,2500,150,0.4
1334,8/27/2019 12:08,lemur,geog391,Paired,1,OvalTrack,1,Bayes,Bayes,Bayes,1,27.81,47.33,6.66,-1,-1,14.25,18.51,22.37,26.2,1.61,1500,0.15,1,2500,150,0.4
1373,8/27/2019 12:10,lemur,geog391,Paired,2,OvalTrack,7,Bayes,Gauss,Bayes,1,23.08,61.33,6.31,17.66,-1,8.92,12.58,15.65,22.19,0.89,1500,0.1,1,2500,150,0.4
1401,8/27/2019 12:12,lemur,geog391,CreateCar,3,OvalTrack,25,Gauss,Gauss,Bayes,1,21.42,80.86,6.05,11.04,-1,8.92,12.58,15.65,19.73,1.69,1500,0.05,1,2500,150,0.4
1432,8/27/2019 12:14,lemur,geog391,CreateCar,4,OvalTrack,19,Gauss,Bayes,Bayes,1,24.01,61.27,7.62,19.33,-1,8.92,12.58,15.65,24.01,0,1500,0.1,1,2150,150,0.4
1338,8/27/2019 12:08,leslieknope,geog391,Paired,1,OvalTrack,1,Bayes,Bayes,Bayes,1,28.02,49.1,6.65,-1,-1,10.42,14.66,18.38,26.42,1.59,1500,0.15,1,2500,150,0.4
1352,8/27/2019 12:09,leslieknope,geog391,Paired,2,OvalTrack,7,Bayes,Gauss,Bayes,1,26.18,65.04,6.29,18.35,-1,10.42,14.66,18.38,23.49,2.68,1500,0.1,1,2500,150,0.4
1421,8/27/2019 12:13,leslieknope,geog391,CreateCar,3,OvalTrack,19,Gauss,Bayes,Bayes,1,26.7,53.8,7.68,-1,-1,10.42,14.66,18.38,25.65,1.04,1500,0.1,1,2150,150,0.4
1436,8/27/2019 12:14,leslieknope,geog391,CreateCar,4,OvalTrack,25,Gauss,Gauss,Bayes,1,23.01,67.05,5.91,18.1,-1,10.42,14.66,18.38,21.51,1.5,1500,0.05,1,2500,150,0.4
1406,8/27/2019 12:12,mari111,geog391,Paired,1,OvalTrack,1,Bayes,Bayes,Bayes,1,24.53,53.33,6.81,-1,-1,12.56,32.81,37.49,24.37,0.16,1500,0.15,1,2500,150,0.4
1427,8/27/2019 12:13,mari111,geog391,Paired,2,OvalTrack,7,Bayes,Gauss,Bayes,1,29.78,60.36,5.7,21.01,-1,12.56,32.81,37.49,21.99,7.78,1500,0.1,1,2500,150,0.4
1468,8/29/2019 11:04,mari111,geog391,CreateCar,3,OvalTrack,25,Gauss,Gauss,Bayes,1,27.7,57.59,5.93,-1,-1,9.18,18.17,25.89,22.65,5.04,1500,0.05,1,2500,150,0.4
1477,8/29/2019 11:05,mari111,geog391,CreateCar,4,OvalTrack,19,Gauss,Bayes,Bayes,1,23.95,59.84,7.72,-1,-1,9.18,18.17,25.89,23.55,0.39,1500,0.1,1,2150,150,0.4
1337,8/27/2019 12:08,olivia,geog391,Paired,1,OvalTrack,1,Bayes,Bayes,Bayes,1,29.82,48.93,6.63,-1,-1,12.52,16.8,20.54,26.82,3,1500,0.15,1,2500,150,0.4
1384,8/27/2019 12:11,olivia,geog391,Paired,2,OvalTrack,7,Bayes,Gauss,Bayes,1,25.8,58.02,6.95,-1,-1,12.52,16.8,20.54,23.69,2.11,1500,0.1,1,2500,150,0.4
1423,8/27/2019 12:13,olivia,geog391,CreateCar,3,OvalTrack,25,Gauss,Gauss,Bayes,1,22.77,66.64,5.9,16.69,-1,12.52,16.8,20.54,20.83,1.94,1500,0.05,1,2500,150,0.4
1471,8/29/2019 11:04,olivia,geog391,CreateCar,4,OvalTrack,19,Gauss,Bayes,Bayes,1,23.49,59.91,6.45,-1,-1,9.45,13.48,16.9,22.83,0.66,1500,0.1,1,2150,150,0.4
1463,8/29/2019 11:03,player1,geog391,Paired,1,OvalTrack,1,Bayes,Bayes,Bayes,1,23.65,55.76,6.62,-1,-1,10.36,14.66,18.43,23.65,0,1500,0.15,1,2500,150,0.4
1484,8/29/2019 11:05,player1,geog391,Paired,2,OvalTrack,7,Bayes,Gauss,Bayes,1,24.1,67.65,6.3,20.15,-1,10.36,14.66,18.43,22.14,1.95,1500,0.1,1,2500,150,0.4
1502,8/29/2019 11:08,player1,geog391,CreateCar,3,OvalTrack,19,Gauss,Bayes,Bayes,1,22.29,63.07,6.61,18.86,-1,10.36,14.66,18.43,22.29,0,1500,0.1,1,2150,150,0.4
1515,8/29/2019 11:10,player1,geog391,CreateCar,4,OvalTrack,25,Gauss,Gauss,Bayes,1,20.74,82.66,5.93,11.06,-1,10.36,14.66,18.43,18.96,1.78,1500,0.05,1,2500,150,0.4
1331,8/27/2019 12:08,ranger21119,geog391,Paired,1,OvalTrack,1,Bayes,Bayes,Bayes,1,26.67,52.22,6.64,-1,-1,18.59,22.95,26.85,25.11,1.56,1500,0.15,1,2500,150,0.4
1386,8/27/2019 12:11,ranger21119,geog391,Paired,2,OvalTrack,7,Bayes,Gauss,Bayes,1,21.62,71.98,6.93,14.78,-1,18.59,22.95,26.85,21.62,0,1500,0.1,1,2500,150,0.4
1356,8/27/2019 12:09,student1,geog391,Paired,1,OvalTrack,1,Bayes,Bayes,Bayes,1,25.48,54.03,8.78,-1,-1,9.59,13.83,17.56,25.48,0,1500,0.15,1,2500,150,0.4
1389,8/27/2019 12:11,student1,geog391,Paired,2,OvalTrack,7,Bayes,Gauss,Bayes,1,27.64,57.25,6.93,-1,-1,9.59,13.83,17.56,24.61,3.03,1500,0.1,1,2500,150,0.4
1508,8/29/2019 11:11,tyler,geog391,Paired,1,OvalTrack,1,Bayes,Bayes,Bayes,1,26.62,51.34,6.66,-1,-1,10.77,15.04,18.74,25.1,1.51,1500,0.15,1,2500,150,0.4
1518,8/29/2019 11:13,tyler,geog391,Paired,2,OvalTrack,7,Bayes,Gauss,Bayes,1,24.17,68.05,6.95,14.66,-1,10.77,15.04,18.74,21.63,2.54,1500,0.1,1,2500,150,0.4
1524,8/29/2019 11:15,tyler,geog391,CreateCar,3,OvalTrack,19,Gauss,Bayes,Bayes,1,23.21,64.14,7.68,20.08,-1,10.54,16.08,21.79,23.21,0,1500,0.1,1,2150,150,0.4
1528,8/29/2019 11:16,tyler,geog391,CreateCar,4,OvalTrack,25,Gauss,Gauss,Bayes,1,18.41,93.96,5.92,10.91,-1,10.54,16.08,21.79,18.41,0,1500,0.05,1,2500,150,0.4
1295,8/27/2019 12:04,agt,geog391,Paired,1,StraightTrack,1,Bayes,Bayes,Bayes,1,21.72,56.76,7.73,-1,-1,10.77,15.03,18.76,21.72,0,1500,0.15,1,2500,150,0.4
1375,8/27/2019 12:10,agt,geog391,CreateCar,2,StraightTrack,25,Gauss,Gauss,Bayes,1,16.12,92.78,5.34,9.87,-1,10.77,15.03,18.76,16.12,0,1500,0.05,1,2500,150,0.4
1427,8/27/2019 12:13,agt,geog391,Paired,3,StraightTrack,7,Bayes,Gauss,Bayes,1,18.01,72.7,5.78,12.7,-1,10.77,15.03,18.76,18.01,0,1500,0.1,1,2500,150,0.4
1466,8/29/2019 11:03,agt,geog391,CreateCar,4,StraightTrack,19,Gauss,Bayes,Bayes,1,19.53,64.95,6.48,16.55,-1,8.92,12.58,15.67,19.53,0,1500,0.1,1,2150,150,0.4
1310,8/27/2019 12:06,bigstatsfan99,geog391,Paired,1,StraightTrack,1,Bayes,Bayes,Bayes,1,21.39,56.76,7.43,-1,-1,10.44,14.71,18.43,21.39,0,1500,0.15,1,2500,150,0.4
1400,8/27/2019 12:12,bigstatsfan99,geog391,Paired,2,StraightTrack,7,Bayes,Gauss,Bayes,1,18,72.73,5.74,12.69,-1,10.44,14.71,18.43,18,0,1500,0.1,1,2500,150,0.4
1437,8/27/2019 12:14,bigstatsfan99,geog391,CreateCar,3,StraightTrack,19,Gauss,Bayes,Bayes,1,19.51,64.86,6.47,16.55,-1,10.44,14.71,18.43,19.51,0,1500,0.1,1,2150,150,0.4
1454,8/29/2019 10:57,bigstatsfan99,geog391,CreateCar,4,StraightTrack,25,Gauss,Gauss,Bayes,1,16.13,93.7,5.35,9.87,-1,10.44,14.71,18.43,16.13,0,1500,0.05,1,2500,150,0.4
1349,8/27/2019 12:09,cba,geog391,Paired,1,StraightTrack,7,Bayes,Gauss,Bayes,1,18.48,72.69,6.23,13.19,-1,10.12,14.39,18.1,18.48,0,1500,0.1,1,2500,150,0.4
1374,8/27/2019 12:10,cba,geog391,CreateCar,2,StraightTrack,19,Gauss,Bayes,Bayes,1,19.52,64.76,6.48,16.56,-1,10.12,14.39,18.1,19.52,0,1500,0.1,1,2150,150,0.4
1395,8/27/2019 12:11,cba,geog391,CreateCar,3,StraightTrack,25,Gauss,Gauss,Bayes,1,16.13,92.78,5.34,9.86,-1,10.12,14.39,18.1,16.13,0,1500,0.05,1,2500,150,0.4
1416,8/27/2019 12:13,cba,geog391,Paired,4,StraightTrack,1,Bayes,Bayes,Bayes,1,21.71,56.76,7.73,-1,-1,10.12,14.39,18.1,21.71,0,1500,0.15,1,2500,150,0.4
1332,8/27/2019 12:18,cityboys,geog391,Paired,2,StraightTrack,7,Bayes,Gauss,Bayes,1,17.72,72.82,5.47,12.42,-1,9.3,13,15.97,17.72,0,1500,0.1,1,2500,150,0.4
1293,8/27/2019 12:14,cityboys ,geog391,Paired,1,StraightTrack,1,Bayes,Bayes,Bayes,1,22.66,56.78,8.64,-1,-1,11.76,15.98,19.71,22.66,0,1500,0.15,1,2500,150,0.4
1492,8/29/2019 11:06,del1234,geog391,Paired,1,StraightTrack,1,Bayes,Bayes,Bayes,1,20,56.85,6,-1,-1,9.11,13.33,16.99,20,0,1500,0.15,1,2500,150,0.4
1500,8/29/2019 11:08,del1234,geog391,Paired,2,StraightTrack,7,Bayes,Gauss,Bayes,1,17.98,73.16,5.74,12.72,-1,9.11,13.33,16.99,17.98,0,1500,0.1,1,2500,150,0.4
1509,8/29/2019 11:09,del1234,geog391,CreateCar,3,StraightTrack,19,Gauss,Bayes,Bayes,1,19.51,65.07,6.48,16.55,-1,9.11,13.33,16.99,19.51,0,1500,0.1,1,2150,150,0.4
1514,8/29/2019 11:10,del1234,geog391,CreateCar,4,StraightTrack,25,Gauss,Gauss,Bayes,1,16.14,93.53,5.35,9.9,-1,9.11,13.33,16.99,16.14,0,1500,0.05,1,2500,150,0.4
1480,8/29/2019 11:05,don't ask who joe is,geog391,Paired,1,StraightTrack,1,Bayes,Bayes,Bayes,1,21.72,56.86,7.72,-1,-1,10.77,15.04,18.75,21.72,0,1500,0.15,1,2500,150,0.4
1506,8/29/2019 11:09,don't ask who joe is,geog391,Paired,2,StraightTrack,7,Bayes,Gauss,Bayes,1,18.04,72.21,5.76,12.69,-1,10.77,15.04,18.75,18.04,0,1500,0.1,1,2500,150,0.4
1517,8/29/2019 11:11,don't ask who joe is,geog391,CreateCar,3,StraightTrack,19,Gauss,Bayes,Bayes,1,22.88,64.82,9.82,19.87,-1,10.77,15.04,18.75,22.88,0,1500,0.1,1,2150,150,0.4
1523,8/29/2019 11:12,don't ask who joe is,geog391,CreateCar,4,StraightTrack,25,Gauss,Gauss,Bayes,1,16.13,92.95,5.36,9.87,-1,10.77,15.04,18.75,16.13,0,1500,0.05,1,2500,150,0.4
1288,8/27/2019 12:04,dtx,geog391,Paired,1,StraightTrack,1,Bayes,Bayes,Bayes,1,26.02,56.68,11.88,-1,-1,15.05,19.3,23.05,26.02,0,1500,0.15,1,2500,150,0.4
1415,8/27/2019 12:13,dtx,geog391,Paired,2,StraightTrack,7,Bayes,Gauss,Bayes,1,18,72.77,5.76,12.7,-1,15.05,19.3,23.05,18,0,1500,0.1,1,2500,150,0.4
1432,8/27/2019 12:14,dtx,geog391,CreateCar,3,StraightTrack,19,Gauss,Bayes,Bayes,1,19.51,65.02,6.48,16.55,-1,15.05,19.3,23.05,19.51,0,1500,0.1,1,2150,150,0.4
1496,8/29/2019 11:07,dtx,geog391,CreateCar,4,StraightTrack,25,Gauss,Gauss,Bayes,1,16.13,93.21,5.35,9.86,-1,15.05,19.3,23.05,16.13,0,1500,0.05,1,2500,150,0.4
1323,8/27/2019 12:07,harold,geog391,Paired,1,StraightTrack,1,Bayes,Bayes,Bayes,1,20.31,56.77,6.3,-1,-1,10.78,15.04,18.76,20.31,0,1500,0.15,1,2500,150,0.4
1366,8/27/2019 12:10,harold,geog391,Paired,2,StraightTrack,7,Bayes,Gauss,Bayes,1,18,72.29,5.76,12.69,-1,10.78,15.04,18.76,18,0,1500,0.1,1,2500,150,0.4
1404,8/27/2019 12:12,harold,geog391,CreateCar,3,StraightTrack,19,Gauss,Bayes,Bayes,1,19.8,64.76,6.75,16.83,-1,10.78,15.04,18.76,19.8,0,1500,0.1,1,2150,150,0.4
1476,8/29/2019 11:05,harold,geog391,CreateCar,4,StraightTrack,25,Gauss,Gauss,Bayes,1,16.28,93.04,5.5,9.99,-1,11,16.89,27.77,16.28,0,1500,0.05,1,2500,150,0.4
1314,8/27/2019 12:06,hd,geog391,Paired,1,StraightTrack,1,Bayes,Bayes,Bayes,1,21.72,56.74,7.73,-1,-1,9.02,13.25,16.97,21.72,0,1500,0.15,1,2500,150,0.4
1362,8/27/2019 12:09,hd,geog391,Paired,2,StraightTrack,7,Bayes,Gauss,Bayes,1,17.99,72.77,5.75,12.68,-1,9.02,13.25,16.97,17.99,0,1500,0.1,1,2500,150,0.4
1418,8/27/2019 12:13,hd,geog391,CreateCar,3,StraightTrack,19,Gauss,Bayes,Bayes,1,19.52,64.81,6.48,16.55,-1,9.02,13.25,16.97,19.52,0,1500,0.1,1,2150,150,0.4
1494,8/29/2019 11:07,hd,geog391,CreateCar,4,StraightTrack,25,Gauss,Gauss,Bayes,1,16.13,92.95,5.35,9.87,-1,9.94,17.96,27.61,16.13,0,1500,0.05,1,2500,150,0.4
1300,8/27/2019 12:05,ilovestats,geog391,Paired,1,StraightTrack,1,Bayes,Bayes,Bayes,1,20.06,56.76,6.06,-1,-1,9.15,13.39,17.11,20.06,0,1500,0.15,1,2500,150,0.4
1360,8/27/2019 12:09,ilovestats,geog391,Paired,2,StraightTrack,7,Bayes,Gauss,Bayes,1,17.99,72.63,5.75,12.69,-1,9.15,13.39,17.11,17.99,0,1500,0.1,1,2500,150,0.4
1348,8/27/2019 12:09,jacko,geog391,Paired,1,StraightTrack,7,Bayes,Gauss,Bayes,1,18.22,72.84,5.99,12.92,-1,9.14,12.81,15.86,18.22,0,1500,0.1,1,2500,150,0.4
1434,8/27/2019 12:14,jacko,geog391,Paired,2,StraightTrack,1,Bayes,Bayes,Bayes,1,24.82,45.72,7.72,-1,-1,9.14,12.81,15.86,24.82,0,1500,0.15,1,2500,150,0.4
1287,8/27/2019 12:04,janisrae,geog391,Paired,1,StraightTrack,1,Bayes,Bayes,Bayes,1,25.02,50.23,9.7,-1,-1,12.43,17.05,21.49,25.02,0,1500,0.15,1,2500,150,0.4
1335,8/27/2019 12:08,janisrae,geog391,Paired,2,StraightTrack,7,Bayes,Gauss,Bayes,1,19.37,72.72,7.13,14.09,-1,10.52,14.77,18.49,19.37,0,1500,0.1,1,2500,150,0.4
1365,8/27/2019 12:10,janisrae,geog391,CreateCar,3,StraightTrack,25,Gauss,Gauss,Bayes,1,16.14,92.78,5.36,9.88,-1,10.52,14.77,18.49,16.14,0,1500,0.05,1,2500,150,0.4
1426,8/27/2019 12:13,janisrae,geog391,CreateCar,4,StraightTrack,19,Gauss,Bayes,Bayes,1,19.47,64.84,6.43,16.49,-1,10.52,14.77,18.49,19.47,0,1500,0.1,1,2150,150,0.4
1285,8/27/2019 12:03,jtpau,geog391,Paired,1,StraightTrack,1,Bayes,Bayes,Bayes,1,25.75,53.26,11.16,-1,-1,14.37,18.59,22.48,25.75,0,1500,0.15,1,2500,150,0.4
1306,8/27/2019 12:05,jtpau,geog391,CreateCar,2,StraightTrack,25,Gauss,Gauss,Bayes,1,16.82,92.91,6.04,10.54,-1,14.37,18.59,22.48,16.82,0,1500,0.05,1,2500,150,0.4
1446,8/27/2019 17:10,jtpau,geog391,Paired,3,StraightTrack,7,Bayes,Gauss,Bayes,1,17.99,72.66,5.76,12.69,-1,14.37,18.59,22.48,17.99,0,1500,0.1,1,2500,150,0.4
1448,8/27/2019 17:12,jtpau,geog391,CreateCar,4,StraightTrack,19,Gauss,Bayes,Bayes,1,19.52,64.81,6.48,16.57,-1,14.37,18.59,22.48,19.52,0,1500,0.1,1,2150,150,0.4
1368,8/27/2019 12:10,langston,geog391,Paired,1,StraightTrack,1,Bayes,Bayes,Bayes,1,20.87,56.77,6.89,-1,-1,14.79,26.32,38.14,20.87,0,1500,0.15,1,2500,150,0.4
1397,8/27/2019 12:11,langston,geog391,Paired,2,StraightTrack,7,Bayes,Gauss,Bayes,1,18.66,72.66,6.41,13.34,-1,14.79,26.32,38.14,18.66,0,1500,0.1,1,2500,150,0.4
1312,8/27/2019 12:06,lemur,geog391,Paired,1,StraightTrack,1,Bayes,Bayes,Bayes,1,25.43,55.55,11.13,-1,-1,14.25,18.51,22.37,25.43,0,1500,0.15,1,2500,150,0.4
1355,8/27/2019 12:09,lemur,geog391,Paired,2,StraightTrack,7,Bayes,Gauss,Bayes,1,17.99,72.73,5.75,12.7,-1,8.92,12.58,15.65,17.99,0,1500,0.1,1,2500,150,0.4
1392,8/27/2019 12:11,lemur,geog391,CreateCar,3,StraightTrack,25,Gauss,Gauss,Bayes,1,16.12,92.96,5.33,9.84,-1,8.92,12.58,15.65,16.12,0,1500,0.05,1,2500,150,0.4
1417,8/27/2019 12:13,lemur,geog391,CreateCar,4,StraightTrack,19,Gauss,Bayes,Bayes,1,19.51,64.76,6.48,16.54,-1,8.92,12.58,15.65,19.51,0,1500,0.1,1,2150,150,0.4
1304,8/27/2019 12:05,leslieknope,geog391,Paired,1,StraightTrack,7,Bayes,Gauss,Bayes,1,18.34,72.79,6.13,13.08,-1,10.42,14.66,18.38,18.34,0,1500,0.1,1,2500,150,0.4
1393,8/27/2019 12:11,leslieknope,geog391,CreateCar,2,StraightTrack,19,Gauss,Bayes,Bayes,1,19.53,64.73,6.48,16.56,-1,10.42,14.66,18.38,19.53,0,1500,0.1,1,2150,150,0.4
1404,8/27/2019 12:12,leslieknope,geog391,CreateCar,3,StraightTrack,25,Gauss,Gauss,Bayes,1,16.14,92.69,5.36,9.87,-1,10.42,14.66,18.38,16.14,0,1500,0.05,1,2500,150,0.4
1489,8/29/2019 11:06,leslieknope,geog391,Paired,4,StraightTrack,1,Bayes,Bayes,Bayes,1,21.72,56.77,7.73,-1,-1,10.77,15.03,18.77,21.72,0,1500,0.15,1,2500,150,0.4
1302,8/27/2019 12:05,mari111,geog391,Paired,1,StraightTrack,1,Bayes,Bayes,Bayes,1,40.76,53.08,12.01,-1,-1,12.56,32.81,37.49,40.76,0,1500,0.15,1,2500,150,0.4
1357,8/27/2019 12:09,mari111,geog391,CreateCar,2,StraightTrack,25,Gauss,Gauss,Bayes,1,16.14,93.12,5.37,9.91,-1,12.56,32.81,37.49,16.14,0,1500,0.05,1,2500,150,0.4
1377,8/27/2019 12:10,mari111,geog391,CreateCar,3,StraightTrack,19,Gauss,Bayes,Bayes,1,19.95,64.1,6.49,17.57,-1,12.56,32.81,37.49,19.95,0,1500,0.1,1,2150,150,0.4
1529,8/29/2019 11:14,mari111,geog391,Paired,4,StraightTrack,7,Bayes,Gauss,Bayes,1,18.14,73,5.93,12.88,-1,9.18,18.17,25.89,18.14,0,1500,0.1,1,2500,150,0.4
1291,8/27/2019 12:04,olivia,geog391,Paired,1,StraightTrack,1,Bayes,Bayes,Bayes,1,23.51,56.76,9.67,-1,-1,12.52,16.8,20.54,23.51,0,1500,0.15,1,2500,150,0.4
1361,8/27/2019 12:09,olivia,geog391,Paired,2,StraightTrack,7,Bayes,Gauss,Bayes,1,18,72.63,5.76,12.7,-1,12.52,16.8,20.54,18,0,1500,0.1,1,2500,150,0.4
1398,8/27/2019 12:12,olivia,geog391,CreateCar,3,StraightTrack,25,Gauss,Gauss,Bayes,1,16.14,92.78,5.35,9.87,-1,12.52,16.8,20.54,16.14,0,1500,0.05,1,2500,150,0.4
1467,8/29/2019 11:03,olivia,geog391,CreateCar,4,StraightTrack,19,Gauss,Bayes,Bayes,1,19.52,65.04,6.48,16.57,-1,9.45,13.48,16.9,19.52,0,1500,0.1,1,2150,150,0.4
1292,8/27/2019 12:04,player1,geog391,Paired,1,StraightTrack,1,Bayes,Bayes,Bayes,1,21.41,56.18,7.33,-1,-1,10.36,14.66,18.43,21.41,0,1500,0.15,1,2500,150,0.4
1429,8/27/2019 12:13,player1,geog391,CreateCar,2,StraightTrack,19,Gauss,Bayes,Bayes,1,19.51,64.81,6.48,16.6,-1,10.36,14.66,18.43,19.51,0,1500,0.1,1,2150,150,0.4
1472,8/29/2019 11:04,player1,geog391,Paired,3,StraightTrack,7,Bayes,Gauss,Bayes,1,17.99,72.91,5.78,12.71,-1,10.36,14.66,18.43,17.99,0,1500,0.1,1,2500,150,0.4
1507,8/29/2019 11:09,player1,geog391,CreateCar,4,StraightTrack,25,Gauss,Gauss,Bayes,1,16.14,93.29,5.35,9.89,-1,10.36,14.66,18.43,16.14,0,1500,0.05,1,2500,150,0.4
1311,8/27/2019 12:06,ranger21119,geog391,Paired,1,StraightTrack,1,Bayes,Bayes,Bayes,1,21.72,56.76,7.73,-1,-1,18.59,22.95,26.85,21.72,0,1500,0.15,1,2500,150,0.4
1371,8/27/2019 12:10,ranger21119,geog391,Paired,2,StraightTrack,7,Bayes,Gauss,Bayes,1,18,72.84,5.75,12.7,-1,18.59,22.95,26.85,18,0,1500,0.1,1,2500,150,0.4
1470,8/29/2019 11:04,ranger21119,geog391,CreateCar,3,StraightTrack,19,Gauss,Bayes,Bayes,1,19.51,65.11,6.48,16.55,-1,9.43,13.43,16.82,19.51,0,1500,0.1,1,2150,150,0.4
1498,8/29/2019 11:07,ranger21119,geog391,CreateCar,4,StraightTrack,25,Gauss,Gauss,Bayes,1,16.14,93.7,5.37,9.91,-1,9.43,13.43,16.82,16.14,0,1500,0.05,1,2500,150,0.4
1328,8/27/2019 12:08,student1,geog391,Paired,1,StraightTrack,1,Bayes,Bayes,Bayes,1,20.51,56.78,6.53,-1,-1,9.59,13.83,17.56,20.51,0,1500,0.15,1,2500,150,0.4
1371,8/27/2019 12:10,student1,geog391,Paired,2,StraightTrack,7,Bayes,Gauss,Bayes,1,18.31,72.84,6.04,12.98,-1,9.59,13.83,17.56,18.31,0,1500,0.1,1,2500,150,0.4
1403,8/27/2019 12:12,student1,geog391,CreateCar,3,StraightTrack,19,Gauss,Bayes,Bayes,1,19.21,64.87,6.13,16.19,-1,9.59,13.83,17.56,19.21,0,1500,0.1,1,2150,150,0.4
1431,8/27/2019 12:13,student1,geog391,CreateCar,4,StraightTrack,25,Gauss,Gauss,Bayes,1,15.69,93.21,4.91,9.41,-1,9.59,13.83,17.56,15.69,0,1500,0.05,1,2500,150,0.4
1499,8/29/2019 11:09,tyler,geog391,Paired,1,StraightTrack,1,Bayes,Bayes,Bayes,1,21.72,56.82,7.73,-1,-1,10.77,15.04,18.74,21.72,0,1500,0.15,1,2500,150,0.4
1511,8/29/2019 11:12,tyler,geog391,Paired,2,StraightTrack,7,Bayes,Gauss,Bayes,1,17.98,72.77,5.75,12.7,-1,10.77,15.04,18.74,17.98,0,1500,0.1,1,2500,150,0.4
1520,8/29/2019 11:14,tyler,geog391,CreateCar,3,StraightTrack,19,Gauss,Bayes,Bayes,1,19.51,64.78,6.49,16.56,-1,10.77,15.04,18.74,19.51,0,1500,0.1,1,2150,150,0.4
1527,8/29/2019 11:15,tyler,geog391,CreateCar,4,StraightTrack,25,Gauss,Gauss,Bayes,1,16.14,93.21,5.36,9.87,-1,10.54,16.08,21.79,16.14,0,1500,0.05,1,2500,150,0.4
2011,11/19/2019 8:36,33,math1530g,Paired,1,OvalTrack,27,Gauss,Gauss,Gauss,1,22.23,83.96,4.53,8.66,-1,72.97,73.69,72.87,22.09,0.13,1500,0.05,1,2500,150,0.37
2068,11/19/2019 8:43,33,math1530g,Paired,2,OvalTrack,1,Bayes,Bayes,Bayes,1,25.49,58.45,4.61,-1,-1,72.97,73.69,72.87,25.49,0,1500,0.15,1,2500,150,0.4
2002,11/19/2019 8:36,1234,math1530g,Paired,1,OvalTrack,1,Bayes,Bayes,Bayes,1,26.06,58.65,4.59,-1,-1,10.26,-1,-1,26.06,0,1500,0.15,1,2500,150,0.4
2024,11/19/2019 8:37,1234,math1530g,Paired,2,OvalTrack,27,Gauss,Gauss,Gauss,1,22.46,95.09,3.36,7.49,-1,10.26,-1,-1,19.66,2.79,1500,0.05,1,2500,150,0.37
1998,11/19/2019 8:36,987654,math1530g,Paired,1,OvalTrack,27,Gauss,Gauss,Gauss,1,18.23,103.71,3.34,7.51,15.03,8.58,-1,-1,17.88,0.35,1500,0.05,1,2500,150,0.37
2018,11/19/2019 8:37,987654,math1530g,Paired,2,OvalTrack,1,Bayes,Bayes,Bayes,1,26.18,58.69,4.59,-1,-1,8.58,17.1,-1,26.18,0,1500,0.15,1,2500,150,0.4
2003,11/19/2019 8:36,30fo30,math1530g,Paired,1,OvalTrack,27,Gauss,Gauss,Gauss,1,19.61,95.87,3.36,7.49,-1,8.43,12.79,-1,18.86,0.74,1500,0.05,1,2500,150,0.37
2061,11/19/2019 8:41,30fo30,math1530g,Paired,2,OvalTrack,1,Bayes,Bayes,Bayes,1,25.39,58.6,4.6,-1,-1,8.43,12.79,-1,25.39,0,1500,0.15,1,2500,150,0.4
1871,11/18/2019 18:40,alpaca,math1530g,Paired,1,OvalTrack,1,Bayes,Bayes,Bayes,1,33.09,54.25,4.63,-1,-1,11.91,22.53,-1,33.09,0,1500,0.15,1,2500,150,0.4
1884,11/18/2019 18:41,alpaca,math1530g,Paired,2,OvalTrack,27,Gauss,Gauss,Gauss,1,25.16,70.81,3.38,11.93,-1,11.91,22.53,-1,24.44,0.71,1500,0.05,1,2500,150,0.37
2062,11/19/2019 8:41,annakan,math1530g,Paired,1,OvalTrack,1,Bayes,Bayes,Bayes,1,25.89,58.65,4.64,-1,-1,16.9,17.43,15.41,25.89,0,1500,0.15,1,2500,150,0.4
2065,11/19/2019 8:42,annakan,math1530g,Paired,2,OvalTrack,27,Gauss,Gauss,Gauss,1,20.34,91.35,3.36,7.51,-1,16.9,17.43,15.41,19.07,1.26,1500,0.05,1,2500,150,0.37
2063,11/19/2019 8:41,asanders24,math1530g,Paired,1,OvalTrack,27,Gauss,Gauss,Gauss,1,18.36,102.68,3.39,7.53,15.08,8.54,13.09,-1,18.16,0.19,1500,0.05,1,2500,150,0.37
2069,11/19/2019 8:43,asanders24,math1530g,Paired,2,OvalTrack,1,Bayes,Bayes,Bayes,1,26.44,58.75,4.61,-1,-1,8.54,13.09,-1,26.44,0,1500,0.15,1,2500,150,0.4
2005,11/19/2019 8:36,cheesychicken,math1530g,Paired,1,OvalTrack,1,Bayes,Bayes,Bayes,1,27.28,58.31,4.59,-1,-1,8.88,13.46,17.41,27.28,0,1500,0.15,1,2500,150,0.4
2058,11/19/2019 8:41,cheesychicken,math1530g,Paired,2,OvalTrack,27,Gauss,Gauss,Gauss,1,19.86,99.41,3.36,7.49,-1,8.88,13.46,17.41,18.49,1.36,1500,0.05,1,2500,150,0.37
2053,11/19/2019 8:40,crt4v,math1530g,Paired,1,OvalTrack,27,Gauss,Gauss,Gauss,1,32.21,67.31,3.85,16.66,-1,19.26,23.04,12.08,25.88,6.32,1500,0.05,1,2500,150,0.37
2059,11/19/2019 8:41,crt4v,math1530g,Paired,2,OvalTrack,1,Bayes,Bayes,Bayes,1,36.31,51.5,5.13,-1,-1,19.26,23.04,12.08,36.31,0,1500,0.15,1,2500,150,0.4
2016,11/19/2019 8:37,cvc21,math1530g,Paired,1,OvalTrack,27,Gauss,Gauss,Gauss,1,24.81,74.8,3.36,7.74,-1,27.51,29.39,-1,24.81,0,1500,0.05,1,2500,150,0.37
2038,11/19/2019 8:38,cvc21,math1530g,Paired,2,OvalTrack,1,Bayes,Bayes,Bayes,1,25.56,58.55,4.6,-1,-1,27.51,29.39,-1,25.56,0,1500,0.15,1,2500,150,0.4
2025,11/19/2019 8:37,dance,math1530g,Paired,1,OvalTrack,27,Gauss,Gauss,Gauss,1,19.81,97.9,3.36,7.53,-1,8.24,12.73,-1,18.23,1.58,1500,0.05,1,2500,150,0.37
2042,11/19/2019 8:39,dance,math1530g,Paired,2,OvalTrack,1,Bayes,Bayes,Bayes,1,26.48,56.57,4.69,-1,-1,10.01,16.48,-1,26.07,0.4,1500,0.15,1,2500,150,0.4
2013,11/19/2019 8:34,devildog5,math1530g,Paired,1,OvalTrack,1,Bayes,Bayes,Bayes,1,26.39,58.56,4.6,-1,-1,8.86,13.43,17.36,26.39,0,1500,0.15,1,2500,150,0.4
2035,11/19/2019 8:35,devildog5,math1530g,Paired,2,OvalTrack,27,Gauss,Gauss,Gauss,1,19.06,99.56,3.36,7.49,-1,8.86,13.43,17.36,18.38,0.68,1500,0.05,1,2500,150,0.37
2008,11/19/2019 8:36,edp445,math1530g,Paired,1,OvalTrack,1,Bayes,Bayes,Bayes,1,25.74,56.48,4.61,-1,-1,18.63,-1,15.46,25.43,0.31,1500,0.15,1,2500,150,0.4
2048,11/19/2019 8:39,edp445,math1530g,Paired,2,OvalTrack,27,Gauss,Gauss,Gauss,1,19.08,30.31,3.36,-1,-1,18.63,-1,15.46,4.91,14.16,1500,0.05,1,2500,150,0.37
2027,11/19/2019 8:37,euler1,math1530g,Paired,1,OvalTrack,27,Gauss,Gauss,Gauss,1,23.03,89.56,3.4,7.51,-1,19.93,21.41,20.01,20.81,2.21,1500,0.05,1,2500,150,0.37
2041,11/19/2019 8:38,euler1,math1530g,Paired,2,OvalTrack,1,Bayes,Bayes,Bayes,1,26.29,58.72,4.59,-1,-1,19.93,21.41,20.01,26.29,0,1500,0.15,1,2500,150,0.4
2006,11/19/2019 8:36,february,math1530g,Paired,1,OvalTrack,1,Bayes,Bayes,Bayes,1,26.11,58.56,4.6,-1,-1,10.28,16.89,-1,26.11,0,1500,0.15,1,2500,150,0.4
2028,11/19/2019 8:37,february,math1530g,Paired,2,OvalTrack,27,Gauss,Gauss,Gauss,1,21.26,97.85,3.36,7.51,-1,10.28,16.89,-1,19.88,1.38,1500,0.05,1,2500,150,0.37
1994,11/19/2019 8:36,govols,math1530g,Paired,1,OvalTrack,27,Gauss,Gauss,Gauss,1,18.58,99.69,3.36,7.49,-1,17.11,18.69,-1,18.08,0.49,1500,0.05,1,2500,150,0.37
2020,11/19/2019 8:37,govols,math1530g,Paired,2,OvalTrack,1,Bayes,Bayes,Bayes,1,25.94,58.76,4.61,-1,-1,17.11,18.69,-1,25.94,0,1500,0.15,1,2500,150,0.4
2017,11/19/2019 8:37,jdn3s,math1530g,Paired,1,OvalTrack,1,Bayes,Bayes,Bayes,1,25.68,58.55,4.6,-1,-1,10.19,16.68,-1,25.68,0,1500,0.15,1,2500,150,0.4
2043,11/19/2019 8:39,jdn3s,math1530g,Paired,2,OvalTrack,27,Gauss,Gauss,Gauss,1,21.89,94.42,3.36,7.49,-1,10.19,16.68,-1,19.63,2.26,1500,0.05,1,2500,150,0.37
2040,11/19/2019 8:38,js,math1530g,Paired,1,OvalTrack,1,Bayes,Bayes,Bayes,1,25.34,58.34,4.61,-1,-1,9.94,-1,-1,25.34,0,1500,0.15,1,2500,150,0.4
2071,11/19/2019 8:43,js,math1530g,Paired,2,OvalTrack,27,Gauss,Gauss,Gauss,1,19.83,94.93,3.34,7.49,-1,9.81,12.61,-1,18.56,1.26,1500,0.05,1,2500,150,0.37
2012,11/19/2019 8:37,kaw4,math1530g,Paired,1,OvalTrack,1,Bayes,Bayes,Bayes,1,25.86,58.58,4.58,-1,-1,26.09,28.06,-1,25.86,0,1500,0.15,1,2500,150,0.4
2032,11/19/2019 8:38,kaw4,math1530g,Paired,2,OvalTrack,27,Gauss,Gauss,Gauss,1,20.06,97.82,3.38,7.53,-1,26.09,28.06,-1,19.04,1.01,1500,0.05,1,2500,150,0.37
2009,11/19/2019 8:36,kiantae,math1530g,Paired,1,OvalTrack,1,Bayes,Bayes,Bayes,1,25.61,58.57,4.59,-1,-1,16.63,17.94,-1,25.61,0,1500,0.15,1,2500,150,0.4
2039,11/19/2019 8:38,kiantae,math1530g,Paired,2,OvalTrack,27,Gauss,Gauss,Gauss,1,18.51,102.63,3.34,7.49,16.63,8.39,12.89,-1,18.19,0.31,1500,0.05,1,2500,150,0.37
2023,11/19/2019 8:37,lxiong,math1530g,Paired,1,OvalTrack,27,Gauss,Gauss,Gauss,1,21.43,96.75,3.36,7.51,-1,8.46,12.93,-1,19.83,1.59,1500,0.05,1,2500,150,0.37
2049,11/19/2019 8:39,lxiong,math1530g,Paired,2,OvalTrack,1,Bayes,Bayes,Bayes,1,25.96,58.48,4.59,-1,-1,10.3,16.89,-1,25.96,0,1500,0.15,1,2500,150,0.4
2000,11/19/2019 8:36,mountain25,math1530g,Paired,1,OvalTrack,27,Gauss,Gauss,Gauss,1,20.88,100.59,3.34,7.49,15.13,8.59,12.93,-1,19.34,1.53,1500,0.05,1,2500,150,0.37
2073,11/19/2019 8:44,mountain25,math1530g,Paired,2,OvalTrack,1,Bayes,Bayes,Bayes,1,26.69,58.85,4.59,-1,-1,8.59,12.93,-1,26.69,0,1500,0.15,1,2500,150,0.4
1997,11/19/2019 8:36,rswizzle99,math1530g,Paired,1,OvalTrack,1,Bayes,Bayes,Bayes,1,26.64,58.85,4.6,-1,-1,10.51,17.19,-1,26.64,0,1500,0.15,1,2500,150,0.4
2014,11/19/2019 8:37,rswizzle99,math1530g,Paired,2,OvalTrack,27,Gauss,Gauss,Gauss,1,18.41,102.7,3.34,7.46,15.03,10.51,17.19,-1,18.23,0.18,1500,0.05,1,2500,150,0.37
2046,11/19/2019 8:39,sashari,math1530g,Paired,1,OvalTrack,27,Gauss,Gauss,Gauss,1,20.69,96.32,3.34,7.49,-1,8.41,12.81,-1,19.18,1.51,1500,0.05,1,2500,150,0.37
2078,11/19/2019 9:01,sashari,math1530g,Paired,2,OvalTrack,1,Bayes,Bayes,Bayes,1,26.11,58.72,4.59,-1,-1,10.18,16.76,-1,26.11,0,1500,0.15,1,2500,150,0.4
1993,11/19/2019 8:35,tigers6,math1530g,Paired,1,OvalTrack,27,Gauss,Gauss,Gauss,1,20.21,99.06,3.36,7.51,-1,16.89,18.21,-1,18.44,1.76,1500,0.05,1,2500,150,0.37
2007,11/19/2019 8:36,tigers6,math1530g,Paired,2,OvalTrack,1,Bayes,Bayes,Bayes,1,25.69,58.6,4.58,-1,-1,16.89,18.21,-1,25.69,0,1500,0.15,1,2500,150,0.4
2010,11/19/2019 8:36,tvcar,math1530g,Paired,1,OvalTrack,27,Gauss,Gauss,Gauss,1,20.41,91.07,3.34,7.53,-1,8.31,12.64,-1,19.18,1.23,1500,0.05,1,2500,150,0.37
2037,11/19/2019 8:38,tvcar,math1530g,Paired,2,OvalTrack,1,Bayes,Bayes,Bayes,1,25.94,58.57,4.61,-1,-1,8.31,12.64,-1,25.94,0,1500,0.15,1,2500,150,0.4
1883,11/18/2019 18:41,219k,math5140g,ChooseCar,1,OvalTrack,27,Gauss,Gauss,Gauss,1,27.48,90.86,3.36,7.54,-1,8.59,-1,-1,21.41,6.06,1500,0.05,1,2500,150,0.37
1900,11/18/2019 18:43,219k,math5140g,ChooseCar,2,OvalTrack,1,Bayes,Bayes,Bayes,1,26.48,58.75,4.6,-1,-1,10.28,16.99,-1,26.48,0,1500,0.15,1,2500,150,0.4
1904,11/18/2019 18:45,alpaca,math5140g,ChooseCar,1,OvalTrack,1,Bayes,Bayes,Bayes,1,34.01,49.66,4.68,-1,-1,11.56,21.81,-1,34.01,0,1500,0.15,1,2500,150,0.4
1905,11/18/2019 18:47,alpaca,math5140g,ChooseCar,2,OvalTrack,27,Gauss,Gauss,Gauss,1,19.2,102.72,3.91,8.04,15.76,11.56,21.81,-1,19.05,0.14,1500,0.05,1,2500,150,0.37
1872,11/18/2019 18:40,ashfire,math5140g,ChooseCar,1,OvalTrack,1,Bayes,Bayes,Bayes,1,25.66,58.66,4.59,-1,-1,10.26,16.64,-1,25.66,0,1500,0.15,1,2500,150,0.4
1881,11/18/2019 18:41,ashfire,math5140g,ChooseCar,2,OvalTrack,27,Gauss,Gauss,Gauss,1,20.46,96.45,3.36,7.49,-1,10.26,16.64,-1,18.72,1.73,1500,0.05,1,2500,150,0.37
1891,11/18/2019 18:42,ashfire2,math5140g,ChooseCar,1,OvalTrack,27,Gauss,Gauss,Gauss,1,17.96,102.84,3.36,7.48,14.97,10.26,16.64,-1,17.78,0.18,1500,0.05,1,2500,150,0.37
1898,11/18/2019 18:43,ashfire2,math5140g,ChooseCar,2,OvalTrack,1,Bayes,Bayes,Bayes,1,25.53,58.72,4.61,-1,-1,10.26,16.64,-1,25.53,0,1500,0.15,1,2500,150,0.4
1858,11/18/2019 18:38,damagecontrl,math5140g,ChooseCar,1,OvalTrack,27,Gauss,Gauss,Gauss,1,18.31,101.1,3.34,7.51,18.16,8.39,12.63,-1,18.14,0.16,1500,0.05,1,2500,150,0.37
1868,11/18/2019 18:40,damagecontrl,math5140g,ChooseCar,2,OvalTrack,1,Bayes,Bayes,Bayes,1,26.23,58.51,4.59,-1,-1,8.39,12.63,-1,26.23,0,1500,0.15,1,2500,150,0.4
1875,11/18/2019 18:40,damagecontrl2,math5140g,ChooseCar,1,OvalTrack,1,Bayes,Bayes,Bayes,1,25.94,58.6,4.58,-1,-1,8.39,12.63,-1,25.94,0,1500,0.15,1,2500,150,0.4
1882,11/18/2019 18:41,damagecontrl2,math5140g,ChooseCar,2,OvalTrack,27,Gauss,Gauss,Gauss,1,20.08,97.97,3.35,7.5,-1,8.39,12.63,-1,18.99,1.08,1500,0.05,1,2500,150,0.37
1857,11/18/2019 18:38,dm1234,math5140g,ChooseCar,1,OvalTrack,1,Bayes,Bayes,Bayes,1,26.29,58.6,4.58,-1,-1,10.23,16.81,-1,26.29,0,1500,0.15,1,2500,150,0.4
1869,11/18/2019 18:40,dm1234,math5140g,ChooseCar,2,OvalTrack,27,Gauss,Gauss,Gauss,1,18.29,102.69,3.36,7.51,15.09,10.23,16.81,-1,18.04,0.25,1500,0.05,1,2500,150,0.37
1877,11/18/2019 18:41,dm12342,math5140g,ChooseCar,1,OvalTrack,27,Gauss,Gauss,Gauss,1,18.34,102.74,3.36,7.53,15.19,10.23,16.81,-1,18.18,0.16,1500,0.05,1,2500,150,0.37
1888,11/18/2019 18:42,dm12342,math5140g,ChooseCar,2,OvalTrack,1,Bayes,Bayes,Bayes,1,26.19,58.54,4.59,-1,-1,10.23,16.81,-1,26.19,0,1500,0.15,1,2500,150,0.4
1874,11/18/2019 18:40,free,math5140g,ChooseCar,1,OvalTrack,1,Bayes,Bayes,Bayes,1,26.16,58.7,4.63,-1,-1,8.83,13.18,-1,26.16,0,1500,0.15,1,2500,150,0.4
1895,11/18/2019 18:42,free,math5140g,ChooseCar,2,OvalTrack,27,Gauss,Gauss,Gauss,1,19.69,101.41,3.34,7.49,17.31,8.83,13.18,-1,18.13,1.56,1500,0.05,1,2500,150,0.37
1901,11/18/2019 18:44,free2,math5140g,ChooseCar,1,OvalTrack,1,Bayes,Bayes,Bayes,1,26.03,58.7,4.58,-1,-1,8.83,13.18,-1,26.03,0,1500,0.15,1,2500,150,0.4
1903,11/18/2019 18:44,free2,math5140g,ChooseCar,2,OvalTrack,27,Gauss,Gauss,Gauss,1,18.77,102.64,3.34,7.98,15.59,8.83,13.18,-1,18.51,0.26,1500,0.05,1,2500,150,0.37
1860,11/18/2019 18:38,itsme2019,math5140g,ChooseCar,1,OvalTrack,1,Bayes,Bayes,Bayes,1,25.89,58.41,4.63,-1,-1,10.03,16.63,-1,25.89,0,1500,0.15,1,2500,150,0.4
1865,11/18/2019 18:39,itsme2019,math5140g,ChooseCar,2,OvalTrack,27,Gauss,Gauss,Gauss,1,21.46,89.6,3.34,7.49,-1,10.03,16.63,-1,20.26,1.19,1500,0.05,1,2500,150,0.37
1870,11/18/2019 18:40,itsme20192,math5140g,ChooseCar,1,OvalTrack,27,Gauss,Gauss,Gauss,1,18.53,102.72,3.38,7.49,17.09,10.03,16.63,-1,18.28,0.24,1500,0.05,1,2500,150,0.37
1876,11/18/2019 18:41,itsme20192,math5140g,ChooseCar,2,OvalTrack,1,Bayes,Bayes,Bayes,1,26.79,55.97,4.59,-1,-1,10.03,16.63,-1,26.51,0.28,1500,0.15,1,2500,150,0.4
1855,11/18/2019 18:37,jb123,math5140g,ChooseCar,1,OvalTrack,1,Bayes,Bayes,Bayes,1,25.85,58.59,4.94,-1,-1,10.32,16.77,-1,25.85,0,1500,0.15,1,2500,150,0.4
1856,11/18/2019 18:38,jb123,math5140g,ChooseCar,2,OvalTrack,27,Gauss,Gauss,Gauss,1,21.09,97.02,3.34,7.51,-1,10.32,16.77,-1,18.88,2.21,1500,0.05,1,2500,150,0.37
1861,11/18/2019 18:39,jb1232,math5140g,ChooseCar,1,OvalTrack,27,Gauss,Gauss,Gauss,1,18.03,102.67,3.34,7.49,15.03,10.32,16.77,-1,17.82,0.2,1500,0.05,1,2500,150,0.37
1867,11/18/2019 18:39,jb1232,math5140g,ChooseCar,2,OvalTrack,1,Bayes,Bayes,Bayes,1,25.64,58.63,4.63,-1,-1,10.32,16.77,-1,25.64,0,1500,0.15,1,2500,150,0.4
1887,11/18/2019 18:42,merc2,math5140g,ChooseCar,1,OvalTrack,1,Bayes,Bayes,Bayes,1,26.48,58.69,4.61,-1,-1,11.21,18.04,-1,26.48,0,1500,0.15,1,2500,150,0.4
1894,11/18/2019 18:42,merc2,math5140g,ChooseCar,2,OvalTrack,27,Gauss,Gauss,Gauss,1,23.18,97.49,3.81,7.94,-1,11.21,18.04,-1,20.51,2.66,1500,0.05,1,2500,150,0.37
1885,11/18/2019 18:40,okwow,math5140g,ChooseCar,1,OvalTrack,27,Gauss,Gauss,Gauss,1,19.65,100.91,3.35,7.46,15.03,8.61,12.88,-1,18.88,0.76,1500,0.05,1,2500,150,0.37
1893,11/18/2019 18:41,okwow,math5140g,ChooseCar,2,OvalTrack,1,Bayes,Bayes,Bayes,1,26.4,58.8,4.58,-1,-1,8.61,12.88,-1,26.4,0,1500,0.15,1,2500,150,0.4
1899,11/18/2019 18:42,okwow2,math5140g,ChooseCar,1,OvalTrack,27,Gauss,Gauss,Gauss,1,22.04,102.74,7.02,11.15,18.69,8.61,12.88,-1,21.84,0.19,1500,0.05,1,2500,150,0.37
1902,11/18/2019 18:43,okwow2,math5140g,ChooseCar,2,OvalTrack,1,Bayes,Bayes,Bayes,1,26.33,58.75,4.59,-1,-1,8.61,12.88,-1,26.33,0,1500,0.15,1,2500,150,0.4
1877,11/18/2019 18:41,septsun,math5140g,ChooseCar,1,OvalTrack,27,Gauss,Gauss,Gauss,1,18.76,104.02,3.34,7.48,15.21,8.56,13.06,-1,18.41,0.34,1500,0.05,1,2500,150,0.37
1889,11/18/2019 18:42,septsun,math5140g,ChooseCar,2,OvalTrack,1,Bayes,Bayes,Bayes,1,26.63,58.84,4.6,-1,-1,8.56,13.06,-1,26.63,0,1500,0.15,1,2500,150,0.4
1859,11/18/2019 18:38,whythis,math5140g,ChooseCar,1,OvalTrack,27,Gauss,Gauss,Gauss,1,20.4,93.3,3.95,8.08,-1,8.73,13.15,-1,19.35,1.04,1500,0.05,1,2500,150,0.37
1890,11/18/2019 18:42,whythis,math5140g,ChooseCar,2,OvalTrack,1,Bayes,Bayes,Bayes,1,25.51,58.54,4.61,-1,-1,8.73,13.15,-1,25.51,0,1500,0.15,1,2500,150,0.4
1873,11/18/2019 18:40,whythis2,math5140g,ChooseCar,1,OvalTrack,1,Bayes,Bayes,Bayes,1,25.41,58.51,4.61,-1,-1,8.73,13.15,-1,25.41,0,1500,0.15,1,2500,150,0.4
1877,11/18/2019 18:41,whythis2,math5140g,ChooseCar,2,OvalTrack,27,Gauss,Gauss,Gauss,1,19.08,94.19,3.36,7.51,-1,8.73,13.15,-1,18.54,0.53,1500,0.05,1,2500,150,0.37
1645,10/13/2019 17:53,anne,sta310,CreateCar,1,OvalTrack,7,Bayes,Gauss,Bayes,1,22.51,79.14,4.05,11.45,-1,9.66,15.23,-1,22.51,0,1500,0.1,1,2500,150,0.4
1646,10/13/2019 17:53,anne,sta310,CreateCar,2,OvalTrack,1,Bayes,Bayes,Bayes,1,25.9,58.61,4.58,-1,-1,9.66,15.23,-1,25.9,0,1500,0.15,1,2500,150,0.4
1647,10/13/2019 17:54,anne,sta310,CreateCar,3,OvalTrack,26,Gauss,Gauss,Nightingale,1,20.03,99.2,4.16,9.53,-1,9.66,15.23,-1,20.03,0,1500,0.05,1,2500,150,0.44
1648,10/13/2019 17:56,anne,sta310,CreateCar,4,OvalTrack,15,Nightingale,Nightingale,Gauss,1,24.28,69.09,4.91,15.6,-1,9.66,15.23,-1,24.28,0,1900,0.1,1,2500,150,0.37
1649,10/13/2019 17:57,anne,sta310,CreateCar,5,OvalTrack,15,Nightingale,Nightingale,Gauss,1,25.08,63.2,4.91,15.44,-1,9.66,15.23,-1,24.66,0.41,1900,0.1,1,2500,150,0.37
1650,10/13/2019 17:58,anne,sta310,CreateCar,6,OvalTrack,7,Bayes,Gauss,Bayes,1,21.61,78.25,4.06,11.26,-1,9.66,15.23,-1,21.61,0,1500,0.1,1,2500,150,0.4
1651,10/13/2019 17:59,anne,sta310,CreateCar,7,OvalTrack,16,Nightingale,Gauss,Bayes,1,22.38,75.43,4.5,12.53,-1,9.66,15.23,-1,22.38,0,1900,0.1,1,3000,150,0.4
1652,10/13/2019 18:00,anne,sta310,CreateCar,8,OvalTrack,27,Gauss,Gauss,Gauss,1,18.03,102.68,3.34,7.49,15.13,9.66,15.23,-1,17.86,0.16,1500,0.05,1,2500,150,0.37
1653,10/13/2019 18:01,anne,sta310,CreateCar,9,OvalTrack,14,Nightingale,Nightingale,Nightingale,1,27.34,59.02,6.39,-1,-1,9.66,15.23,-1,27.34,0,1900,0.1,1,2500,150,0.44
1654,10/13/2019 18:03,anne,sta310,CreateCar,10,OvalTrack,23,Gauss,Nightingale,Nightingale,1,30.38,51.7,7.89,-1,-1,9.66,15.23,-1,30.38,0,1900,0.1,1,2150,150,0.44
1655,10/13/2019 18:04,anne,sta310,CreateCar,11,OvalTrack,24,Gauss,Nightingale,Gauss,1,26.83,59.38,6.03,-1,-1,9.66,15.23,-1,26.74,0.08,1900,0.1,1,2150,150,0.37
1656,10/13/2019 18:05,anne,sta310,CreateCar,12,OvalTrack,14,Nightingale,Nightingale,Nightingale,1,27.24,58.88,6.39,-1,-1,9.66,15.23,-1,27.24,0,1900,0.1,1,2500,150,0.44
1657,10/13/2019 18:06,anne,sta310,CreateCar,13,OvalTrack,19,Gauss,Bayes,Bayes,1,23.88,68.93,4.91,15.41,-1,9.66,15.23,-1,23.88,0,1500,0.1,1,2150,150,0.4
1658,10/13/2019 18:07,anne,sta310,CreateCar,14,OvalTrack,1,Bayes,Bayes,Bayes,1,25.48,58.28,4.61,-1,-1,9.66,15.23,-1,25.48,0,1500,0.15,1,2500,150,0.4
1659,10/13/2019 18:08,anne,sta310,CreateCar,15,OvalTrack,19,Gauss,Bayes,Bayes,1,24.04,68.79,5.13,15.99,-1,9.66,15.23,-1,24.04,0,1500,0.1,1,2150,150,0.4
1660,10/13/2019 18:10,anne,sta310,CreateCar,16,OvalTrack,23,Gauss,Nightingale,Nightingale,1,30.29,51.59,7.93,-1,-1,9.66,15.23,-1,30.29,0,1900,0.1,1,2150,150,0.44
1661,10/13/2019 18:11,anne,sta310,CreateCar,17,OvalTrack,4,Bayes,Nightingale,Bayes,1,20.09,95.49,4.31,10.04,-1,9.66,15.23,-1,20.09,0,1500,0.05,1,2150,150,0.4
1662,10/13/2019 18:12,anne,sta310,CreateCar,18,OvalTrack,5,Bayes,Nightingale,Nightingale,1,21.88,85.89,5.13,11.99,-1,9.66,15.23,-1,21.88,0,1500,0.05,1,2150,150,0.44
1663,10/13/2019 18:13,anne,sta310,CreateCar,19,OvalTrack,21,Gauss,Bayes,Gauss,1,22.98,70.39,4.46,13.08,-1,9.66,15.23,-1,22.85,0.13,1500,0.1,1,2150,150,0.37
1664,10/13/2019 18:14,anne,sta310,CreateCar,20,OvalTrack,9,Bayes,Gauss,Gauss,1,20.74,79.07,3.68,9.81,-1,9.66,15.23,-1,20.56,0.18,1500,0.1,1,2500,150,0.37
1665,10/13/2019 18:15,anne,sta310,CreateCar,21,OvalTrack,3,Bayes,Bayes,Gauss,1,23.91,62.53,4.13,18.06,-1,9.66,15.23,-1,23.91,0,1500,0.15,1,2500,150,0.37
1666,10/13/2019 18:16,anne,sta310,CreateCar,22,OvalTrack,6,Bayes,Nightingale,Gauss,1,21.38,89.88,3.98,9.2,-1,9.66,15.23,-1,20.16,1.21,1500,0.05,1,2150,150,0.37
1667,10/13/2019 18:17,anne,sta310,CreateCar,23,OvalTrack,20,Gauss,Bayes,Nightingale,1,26.03,63.16,6.13,21.51,-1,9.66,15.23,-1,26.03,0,1500,0.1,1,2150,150,0.44
1668,10/13/2019 18:18,anne,sta310,CreateCar,24,OvalTrack,11,Nightingale,Bayes,Nightingale,1,22.53,83.62,5.4,13.09,-1,9.66,15.23,-1,22.53,0,1900,0.05,1,2500,150,0.44
1670,10/13/2019 18:21,anne,sta310,CreateCar,25,OvalTrack,12,Nightingale,Bayes,Gauss,1,20.66,87.73,4.35,10.08,-1,9.66,15.23,-1,20.45,0.21,1900,0.05,1,2500,150,0.37
1671,10/13/2019 18:22,anne,sta310,CreateCar,26,OvalTrack,25,Gauss,Gauss,Bayes,1,18.55,105.54,3.66,8.26,17.03,9.66,15.23,-1,18.55,0,1500,0.05,1,2500,150,0.4
1672,10/13/2019 18:24,anne,sta310,CreateCar,27,OvalTrack,3,Bayes,Bayes,Gauss,1,24,62.61,4.21,18.1,-1,9.66,15.23,-1,24,0,1500,0.15,1,2500,150,0.37
1673,10/13/2019 18:25,anne,sta310,CreateCar,28,OvalTrack,8,Bayes,Gauss,Nightingale,1,23.14,71.75,4.68,14.01,-1,9.66,15.23,-1,23.14,0,1500,0.1,1,2500,150,0.44
1674,10/13/2019 18:26,anne,sta310,CreateCar,29,OvalTrack,10,Nightingale,Bayes,Bayes,1,21.24,91.23,4.69,11.18,-1,9.66,15.23,-1,21.24,0,1900,0.05,1,2500,150,0.4
1675,10/13/2019 18:27,anne,sta310,CreateCar,30,OvalTrack,4,Bayes,Nightingale,Bayes,1,20.04,94.81,4.31,10.03,-1,9.66,15.23,-1,20.04,0,1500,0.05,1,2150,150,0.4
1676,10/13/2019 18:28,anne,sta310,CreateCar,31,OvalTrack,8,Bayes,Gauss,Nightingale,1,23.14,71.46,4.69,14.11,-1,9.66,15.23,-1,23.14,0,1500,0.1,1,2500,150,0.44
1677,10/13/2019 18:29,anne,sta310,CreateCar,32,OvalTrack,20,Gauss,Bayes,Nightingale,1,25.79,63.05,5.74,21.14,-1,9.66,15.23,-1,25.79,0,1500,0.1,1,2150,150,0.44
1678,10/13/2019 18:31,anne,sta310,CreateCar,33,OvalTrack,24,Gauss,Nightingale,Gauss,1,26.61,59.7,6.01,-1,-1,9.66,15.23,-1,26.56,0.04,1900,0.1,1,2150,150,0.37
1679,10/13/2019 18:32,anne,sta310,CreateCar,34,OvalTrack,22,Gauss,Nightingale,Bayes,1,27.81,56.84,6.7,-1,-1,9.66,15.23,-1,27.81,0,1900,0.1,1,2150,150,0.4
1680,10/13/2019 18:33,anne,sta310,CreateCar,35,OvalTrack,2,Bayes,Bayes,Nightingale,1,27.61,52.73,5.44,-1,-1,9.66,15.23,-1,27.61,0,1500,0.15,1,2500,150,0.44
1681,10/13/2019 18:35,anne,sta310,CreateCar,36,OvalTrack,27,Gauss,Gauss,Gauss,1,19.06,94.92,3.38,7.51,-1,9.66,15.23,-1,18.29,0.76,1500,0.05,1,2500,150,0.37
1682,10/13/2019 18:36,anne,sta310,CreateCar,37,OvalTrack,12,Nightingale,Bayes,Gauss,1,20.83,84.56,4.33,10.04,-1,9.66,15.23,-1,20.59,0.23,1900,0.05,1,2500,150,0.37
1683,10/13/2019 18:37,anne,sta310,CreateCar,38,OvalTrack,13,Nightingale,Nightingale,Bayes,1,25.14,64.76,5.43,19.04,-1,9.66,15.23,-1,25.14,0,1900,0.1,1,2500,150,0.4
1684,10/13/2019 18:38,anne,sta310,CreateCar,39,OvalTrack,25,Gauss,Gauss,Bayes,1,18.68,106.07,3.64,8.23,17.04,9.66,15.23,-1,18.68,0,1500,0.05,1,2500,150,0.4
1685,10/13/2019 18:38,anne,sta310,CreateCar,40,OvalTrack,26,Gauss,Gauss,Nightingale,1,20.01,98.37,4.16,9.78,-1,9.66,15.23,-1,20.01,0,1500,0.05,1,2500,150,0.44
1686,10/13/2019 18:40,anne,sta310,CreateCar,41,OvalTrack,11,Nightingale,Bayes,Nightingale,1,22.79,80.52,5.39,13.53,-1,9.66,15.23,-1,22.79,0,1900,0.05,1,2500,150,0.44
1687,10/13/2019 18:40,anne,sta310,CreateCar,42,OvalTrack,17,Nightingale,Gauss,Nightingale,1,24.1,67.15,4.98,15.8,-1,9.66,15.23,-1,24.1,0,1900,0.1,1,3000,150,0.44
1688,10/13/2019 18:41,anne,sta310,CreateCar,43,OvalTrack,18,Nightingale,Gauss,Gauss,1,21.18,79.34,3.91,10.66,-1,9.66,15.23,-1,21.18,0,1900,0.1,1,3000,150,0.37
1689,10/13/2019 18:42,anne,sta310,CreateCar,44,OvalTrack,2,Bayes,Bayes,Nightingale,1,27.65,51.76,5.46,-1,-1,9.66,15.23,-1,27.65,0,1500,0.15,1,2500,150,0.44
1690,10/13/2019 18:43,anne,sta310,CreateCar,45,OvalTrack,13,Nightingale,Nightingale,Bayes,1,25.41,63.69,5.44,20.46,-1,9.66,15.23,-1,25.41,0,1900,0.1,1,2500,150,0.4
1691,10/13/2019 18:44,anne,sta310,CreateCar,46,OvalTrack,16,Nightingale,Gauss,Bayes,1,22.19,73.47,4.31,12.68,-1,9.66,15.23,-1,22.19,0,1900,0.1,1,3000,150,0.4
1692,10/13/2019 18:46,anne,sta310,CreateCar,47,OvalTrack,6,Bayes,Nightingale,Gauss,1,20.03,96.47,3.98,9.68,-1,9.66,15.23,-1,20.03,0,1500,0.05,1,2150,150,0.37
1693,10/13/2019 18:47,anne,sta310,CreateCar,48,OvalTrack,22,Gauss,Nightingale,Bayes,1,27.91,56.79,6.68,-1,-1,9.66,15.23,-1,27.91,0,1900,0.1,1,2150,150,0.4
1694,10/13/2019 18:48,anne,sta310,CreateCar,49,OvalTrack,17,Nightingale,Gauss,Nightingale,1,24.56,63.44,4.96,16.53,-1,9.66,15.23,-1,24.43,0.13,1900,0.1,1,3000,150,0.44
1695,10/13/2019 18:49,anne,sta310,CreateCar,50,OvalTrack,18,Nightingale,Gauss,Gauss,1,21.41,78.63,3.95,11.06,-1,9.66,15.23,-1,21.26,0.14,1900,0.1,1,3000,150,0.37
1696,10/13/2019 18:50,anne,sta310,CreateCar,51,OvalTrack,9,Bayes,Gauss,Gauss,1,20.64,82.34,3.69,9.83,-1,9.66,15.23,-1,20.64,0,1500,0.1,1,2500,150,0.37
1697,10/13/2019 18:51,anne,sta310,CreateCar,52,OvalTrack,21,Gauss,Bayes,Gauss,1,22.71,73.54,4.46,13.01,-1,9.66,15.23,-1,22.71,0,1500,0.1,1,2150,150,0.37
1699,10/13/2019 18:54,anne,sta310,CreateCar,53,OvalTrack,5,Bayes,Nightingale,Nightingale,1,21.44,88.59,4.93,11.73,-1,9.66,15.23,-1,21.44,0,1500,0.05,1,2150,150,0.44
1700,10/13/2019 18:55,anne,sta310,CreateCar,54,OvalTrack,10,Nightingale,Bayes,Bayes,1,21.08,90.9,4.71,11.11,-1,9.66,15.23,-1,21.08,0,1900,0.05,1,2500,150,0.4
1701,10/14/2019 10:24,keven,sta310,CreateCar,1,OvalTrack,14,Nightingale,Nightingale,Nightingale,1,27.96,59.28,6.34,-1,-1,11.63,18.56,-1,27.96,0,1900,0.1,1,2500,150,0.44
1702,10/14/2019 10:25,keven,sta310,CreateCar,2,OvalTrack,22,Gauss,Nightingale,Bayes,1,28.25,57.15,6.73,-1,-1,11.63,18.56,-1,28.25,0,1900,0.1,1,2150,150,0.4
1703,10/14/2019 10:26,keven,sta310,CreateCar,3,OvalTrack,16,Nightingale,Gauss,Bayes,1,22.56,75.76,4.3,12.28,-1,11.63,18.56,-1,22.56,0,1900,0.1,1,3000,150,0.4
1704,10/14/2019 10:28,keven,sta310,CreateCar,4,OvalTrack,2,Bayes,Bayes,Nightingale,1,28.18,52.71,5.46,-1,-1,10.86,17.94,-1,28.18,0,1500,0.15,1,2500,150,0.44
1705,10/14/2019 10:28,keven,sta310,CreateCar,5,OvalTrack,9,Bayes,Gauss,Gauss,1,21.01,83.77,3.68,9.83,-1,10.86,17.94,-1,21.01,0,1500,0.1,1,2500,150,0.37
1706,10/14/2019 10:29,keven,sta310,CreateCar,6,OvalTrack,21,Gauss,Bayes,Gauss,1,22.94,73.8,4.44,13.03,-1,10.86,17.94,-1,22.94,0,1500,0.1,1,2150,150,0.37
1707,10/14/2019 10:30,keven,sta310,CreateCar,7,OvalTrack,12,Nightingale,Bayes,Gauss,1,20.63,96.14,4.31,10.06,-1,10.86,17.94,-1,20.63,0,1900,0.05,1,2500,150,0.37
1708,10/14/2019 10:31,keven,sta310,CreateCar,8,OvalTrack,4,Bayes,Nightingale,Bayes,1,20.39,96.45,4.34,10.01,-1,10.86,17.94,-1,20.39,0,1500,0.05,1,2150,150,0.4
1709,10/14/2019 10:31,keven,sta310,CreateCar,9,OvalTrack,27,Gauss,Gauss,Gauss,1,20.93,96.63,3.36,7.5,-1,10.86,17.94,-1,19.36,1.56,1500,0.05,1,2500,150,0.37
1710,10/14/2019 10:32,keven,sta310,CreateCar,10,OvalTrack,6,Bayes,Nightingale,Gauss,1,19.49,99.37,3.96,9.09,-1,10.86,17.94,-1,19.29,0.19,1500,0.05,1,2150,150,0.37
1711,10/14/2019 10:33,keven,sta310,CreateCar,11,OvalTrack,20,Gauss,Bayes,Nightingale,1,26.56,63.6,5.75,21.2,-1,10.86,17.94,-1,26.56,0,1500,0.1,1,2150,150,0.44
1712,10/14/2019 10:34,keven,sta310,CreateCar,12,OvalTrack,10,Nightingale,Bayes,Bayes,1,21.45,91.62,4.71,11.08,-1,10.86,17.94,-1,21.45,0,1900,0.05,1,2500,150,0.4
1713,10/14/2019 10:34,keven,sta310,CreateCar,13,OvalTrack,5,Bayes,Nightingale,Nightingale,1,21.91,89.33,4.91,11.68,-1,10.86,17.94,-1,21.91,0,1500,0.05,1,2150,150,0.44
1714,10/14/2019 10:35,keven,sta310,CreateCar,14,OvalTrack,19,Gauss,Bayes,Bayes,1,24.36,69.19,4.9,15.19,-1,10.86,17.94,-1,24.36,0,1500,0.1,1,2150,150,0.4
1715,10/14/2019 10:36,keven,sta310,CreateCar,15,OvalTrack,10,Nightingale,Bayes,Bayes,1,21.79,91.73,4.71,11.14,-1,10.86,17.94,-1,21.79,0,1900,0.05,1,2500,150,0.4
1716,10/14/2019 10:37,keven,sta310,CreateCar,16,OvalTrack,5,Bayes,Nightingale,Nightingale,1,21.88,89.81,4.94,11.69,-1,10.86,17.94,-1,21.88,0,1500,0.05,1,2150,150,0.44
1717,10/14/2019 10:38,keven,sta310,CreateCar,17,OvalTrack,13,Nightingale,Nightingale,Bayes,1,25.69,65.07,5.43,18.76,-1,10.64,17.14,-1,25.69,0,1900,0.1,1,2500,150,0.4
1718,10/14/2019 10:39,keven,sta310,CreateCar,18,OvalTrack,20,Gauss,Bayes,Nightingale,1,26,63.35,5.7,21.15,-1,10.64,17.14,-1,26,0,1500,0.1,1,2150,150,0.44
1719,10/14/2019 10:40,keven,sta310,CreateCar,19,OvalTrack,3,Bayes,Bayes,Gauss,1,25.11,62.86,4.14,17.58,-1,10.64,17.14,-1,25.11,0,1500,0.15,1,2500,150,0.37
1720,10/14/2019 10:41,keven,sta310,CreateCar,20,OvalTrack,21,Gauss,Bayes,Gauss,1,22.95,73.54,4.46,13.11,-1,10.64,17.14,-1,22.95,0,1500,0.1,1,2150,150,0.37
1721,10/14/2019 10:42,keven,sta310,CreateCar,21,OvalTrack,25,Gauss,Gauss,Bayes,1,18.71,106.41,3.64,8.23,16.93,10.64,17.14,-1,18.71,0,1500,0.05,1,2500,150,0.4
1722,10/14/2019 10:43,keven,sta310,CreateCar,22,OvalTrack,25,Gauss,Gauss,Bayes,1,18.61,105.87,3.66,8.24,16.98,10.64,17.14,-1,18.61,0,1500,0.05,1,2500,150,0.4
1723,10/14/2019 10:44,keven,sta310,CreateCar,23,OvalTrack,8,Bayes,Gauss,Nightingale,1,23.44,71.91,4.68,14.06,-1,10.64,17.14,-1,23.44,0,1500,0.1,1,2500,150,0.44
1724,10/14/2019 10:45,keven,sta310,CreateCar,24,OvalTrack,23,Gauss,Nightingale,Nightingale,1,31.23,51.93,7.96,-1,-1,10.64,17.14,-1,31.23,0,1900,0.1,1,2150,150,0.44
1725,10/14/2019 10:46,keven,sta310,CreateCar,25,OvalTrack,3,Bayes,Bayes,Gauss,1,24.99,59.41,4.14,-1,-1,10.64,17.14,-1,24.74,0.24,1500,0.15,1,2500,150,0.37
1727,10/14/2019 10:48,keven,sta310,CreateCar,26,OvalTrack,26,Gauss,Gauss,Nightingale,1,19.73,98.4,4.16,9.53,-1,10.64,17.14,-1,19.73,0,1500,0.05,1,2500,150,0.44
1728,10/14/2019 10:48,keven,sta310,CreateCar,27,OvalTrack,7,Bayes,Gauss,Bayes,1,21.84,78.75,4.04,11.19,-1,10.64,17.14,-1,21.84,0,1500,0.1,1,2500,150,0.4
1729,10/14/2019 10:49,keven,sta310,CreateCar,28,OvalTrack,8,Bayes,Gauss,Nightingale,1,23.76,72.11,4.7,13.98,-1,10.64,17.14,-1,23.76,0,1500,0.1,1,2500,150,0.44
1730,10/14/2019 10:50,keven,sta310,CreateCar,29,OvalTrack,26,Gauss,Gauss,Nightingale,1,19.83,98.62,4.16,9.51,-1,10.64,17.14,-1,19.83,0,1500,0.05,1,2500,150,0.44
1731,10/14/2019 10:51,keven,sta310,CreateCar,30,OvalTrack,23,Gauss,Nightingale,Nightingale,1,31.08,51.73,7.91,-1,-1,10.64,17.14,-1,31.08,0,1900,0.1,1,2150,150,0.44
1732,10/14/2019 10:52,keven,sta310,CreateCar,31,OvalTrack,17,Nightingale,Gauss,Nightingale,1,24.44,68.98,4.99,15.66,-1,10.64,17.14,-1,24.44,0,1900,0.1,1,3000,150,0.44
1733,10/14/2019 10:52,keven,sta310,CreateCar,32,OvalTrack,9,Bayes,Gauss,Gauss,1,20.86,79.43,3.69,9.79,-1,10.64,17.14,-1,20.69,0.16,1500,0.1,1,2500,150,0.37
1734,10/14/2019 10:53,keven,sta310,CreateCar,33,OvalTrack,19,Gauss,Bayes,Bayes,1,25.16,66.06,4.89,15.21,-1,10.64,17.14,-1,24.63,0.53,1500,0.1,1,2150,150,0.4
1735,10/14/2019 10:54,keven,sta310,CreateCar,34,OvalTrack,2,Bayes,Bayes,Nightingale,1,28.08,52.62,5.46,-1,-1,10.64,17.14,-1,28.08,0,1500,0.15,1,2500,150,0.44
1736,10/14/2019 10:55,keven,sta310,CreateCar,35,OvalTrack,1,Bayes,Bayes,Bayes,1,26,58.04,4.61,-1,-1,10.64,17.14,-1,26,0,1500,0.15,1,2500,150,0.4
1737,10/14/2019 10:56,keven,sta310,CreateCar,36,OvalTrack,15,Nightingale,Nightingale,Gauss,1,24.11,69.12,4.93,15.35,-1,10.64,17.14,-1,24.11,0,1900,0.1,1,2500,150,0.37
1738,10/14/2019 10:57,keven,sta310,CreateCar,37,OvalTrack,15,Nightingale,Nightingale,Gauss,1,24.23,69.27,4.91,15.41,-1,10.64,17.14,-1,24.23,0,1900,0.1,1,2500,150,0.37
1739,10/14/2019 10:57,keven,sta310,CreateCar,38,OvalTrack,11,Nightingale,Bayes,Nightingale,1,22.76,84.59,5.39,13.08,-1,10.64,17.14,-1,22.76,0,1900,0.05,1,2500,150,0.44
1740,10/14/2019 10:58,keven,sta310,CreateCar,39,OvalTrack,14,Nightingale,Nightingale,Nightingale,1,27.63,58.95,6.4,-1,-1,10.64,17.14,-1,27.63,0,1900,0.1,1,2500,150,0.44
1741,10/14/2019 10:59,keven,sta310,CreateCar,40,OvalTrack,4,Bayes,Nightingale,Bayes,1,20.28,94.92,4.31,10.01,-1,10.64,17.14,-1,20.28,0,1500,0.05,1,2150,150,0.4
1742,10/14/2019 11:00,keven,sta310,CreateCar,41,OvalTrack,22,Gauss,Nightingale,Bayes,1,28.46,56.98,6.68,-1,-1,10.64,17.14,-1,28.46,0,1900,0.1,1,2150,150,0.4
1743,10/14/2019 11:01,keven,sta310,CreateCar,42,OvalTrack,1,Bayes,Bayes,Bayes,1,25.89,57.57,4.58,-1,-1,10.64,17.14,-1,25.89,0,1500,0.15,1,2500,150,0.4
1744,10/14/2019 11:01,keven,sta310,CreateCar,43,OvalTrack,27,Gauss,Gauss,Gauss,1,18.4,101.52,3.34,7.48,15.06,10.64,17.14,-1,18.16,0.23,1500,0.05,1,2500,150,0.37
1745,10/14/2019 11:02,keven,sta310,CreateCar,44,OvalTrack,24,Gauss,Nightingale,Gauss,1,27.13,59.2,6.01,-1,-1,10.64,17.14,-1,27.13,0,1900,0.1,1,2150,150,0.37
1746,10/14/2019 11:03,keven,sta310,CreateCar,45,OvalTrack,24,Gauss,Nightingale,Gauss,1,26.64,60.68,6.04,25.54,-1,10.64,17.14,-1,26.64,0,1900,0.1,1,2150,150,0.37
1747,10/14/2019 11:04,keven,sta310,CreateCar,46,OvalTrack,18,Nightingale,Gauss,Gauss,1,21.41,80.38,3.91,10.63,-1,10.64,17.14,-1,21.41,0,1900,0.1,1,3000,150,0.37
1748,10/14/2019 11:05,keven,sta310,CreateCar,47,OvalTrack,16,Nightingale,Gauss,Bayes,1,22.41,75.71,4.28,12.28,-1,10.64,17.14,-1,22.41,0,1900,0.1,1,3000,150,0.4
1749,10/14/2019 11:05,keven,sta310,CreateCar,48,OvalTrack,6,Bayes,Nightingale,Gauss,1,19.5,100.61,3.96,9.06,19.36,10.64,17.14,-1,19.5,0,1500,0.05,1,2150,150,0.37
1750,10/14/2019 11:06,keven,sta310,CreateCar,49,OvalTrack,11,Nightingale,Bayes,Nightingale,1,23.08,85.53,5.39,13.03,-1,10.64,17.14,-1,23.08,0,1900,0.05,1,2500,150,0.44
1751,10/14/2019 11:08,keven,sta310,CreateCar,50,OvalTrack,13,Nightingale,Nightingale,Bayes,1,25.13,63.92,5.45,18.89,-1,10.64,17.14,-1,25.13,0,1900,0.1,1,2500,150,0.4
1752,10/14/2019 11:08,keven,sta310,CreateCar,51,OvalTrack,18,Nightingale,Gauss,Gauss,1,21.45,80.53,3.91,10.65,-1,10.64,17.14,-1,21.45,0,1900,0.1,1,3000,150,0.37
1753,10/14/2019 11:09,keven,sta310,CreateCar,52,OvalTrack,12,Nightingale,Bayes,Gauss,1,20.5,95.88,4.34,10.08,-1,10.64,17.14,-1,20.5,0,1900,0.05,1,2500,150,0.37
1754,10/14/2019 11:10,keven,sta310,CreateCar,53,OvalTrack,17,Nightingale,Gauss,Nightingale,1,24.34,69.13,4.98,15.69,-1,10.64,17.14,-1,24.34,0,1900,0.1,1,3000,150,0.44
1755,10/14/2019 11:11,keven,sta310,CreateCar,54,OvalTrack,7,Bayes,Gauss,Bayes,1,21.88,78.65,4.05,11.21,-1,10.64,17.14,-1,21.88,0,1500,0.1,1,2500,150,0.4
1819,11/11/2019 17:23,Sep-94,stat5140fa19,Paired,1,OvalTrack,27,Gauss,Gauss,Gauss,1,18.86,102.73,3.36,7.51,15.44,8.53,13.13,-1,18.66,0.2,1500,0.05,1,2500,150,0.37
1832,11/11/2019 17:25,Sep-94,stat5140fa19,Paired,2,OvalTrack,1,Bayes,Bayes,Bayes,1,26.56,58.69,4.59,-1,-1,8.53,13.13,-1,26.56,0,1500,0.15,1,2500,150,0.4
1823,11/11/2019 17:24,ashfire777,stat5140fa19,Paired,1,OvalTrack,1,Bayes,Bayes,Bayes,1,26.29,58.81,4.58,-1,-1,16.96,18.08,17.08,26.29,0,1500,0.15,1,2500,150,0.4
1831,11/11/2019 17:25,ashfire777,stat5140fa19,Paired,2,OvalTrack,27,Gauss,Gauss,Gauss,1,18.11,103.38,3.36,7.51,15.08,16.96,18.08,17.08,17.89,0.21,1500,0.05,1,2500,150,0.37
1802,11/11/2019 16:48,damagecontrl,stat5140fa19,Paired,1,OvalTrack,27,Gauss,Gauss,Gauss,1,21.89,96.66,3.36,7.54,-1,20.71,22.43,-1,18.99,2.89,1500,0.05,1,2500,150,0.37
1814,11/11/2019 17:22,damagecontrl,stat5140fa19,Paired,2,OvalTrack,1,Bayes,Bayes,Bayes,1,25.67,58.62,4.59,-1,-1,20.71,22.43,-1,25.67,0,1500,0.15,1,2500,150,0.4
1817,11/11/2019 17:23,dm1234,stat5140fa19,Paired,1,OvalTrack,1,Bayes,Bayes,Bayes,1,25.83,58.49,4.58,-1,-1,17.04,18.39,-1,25.83,0,1500,0.15,1,2500,150,0.4
1827,11/11/2019 17:24,dm1234,stat5140fa19,Paired,2,OvalTrack,27,Gauss,Gauss,Gauss,1,18.34,104.07,3.36,7.51,15.16,17.04,18.39,-1,18.13,0.21,1500,0.05,1,2500,150,0.37
1828,11/11/2019 17:24,free,stat5140fa19,Paired,1,OvalTrack,27,Gauss,Gauss,Gauss,1,23.78,88.46,3.86,8.01,-1,9.08,14.73,-1,22.58,1.19,1500,0.05,1,2500,150,0.37
1836,11/11/2019 17:26,free,stat5140fa19,Paired,2,OvalTrack,1,Bayes,Bayes,Bayes,1,29.28,55.94,5.11,-1,-1,9.08,14.73,-1,29.28,0,1500,0.15,1,2500,150,0.4
1798,11/11/2019 16:47,itsme2019,stat5140fa19,Paired,1,OvalTrack,1,Bayes,Bayes,Bayes,1,29.79,56.02,4.61,-1,-1,17.26,18.69,-1,27.74,2.04,1500,0.15,1,2500,150,0.4
1821,11/11/2019 17:23,itsme2019,stat5140fa19,Paired,2,OvalTrack,27,Gauss,Gauss,Gauss,1,20.13,96.43,3.36,7.53,-1,9.98,12.73,-1,18.99,1.13,1500,0.05,1,2500,150,0.37
1849,11/18/2019 14:34,jb123,stat5140fa19,Paired,1,OvalTrack,1,Bayes,Bayes,Bayes,1,25.69,58.57,4.59,-1,-1,16.56,18.06,15.67,25.69,0,1500,0.15,1,2500,150,0.4
1851,11/18/2019 14:35,jb123,stat5140fa19,Paired,2,OvalTrack,27,Gauss,Gauss,Gauss,1,18.36,101.27,3.36,7.49,17.92,16.56,18.06,15.67,17.99,0.36,1500,0.05,1,2500,150,0.37
1815,11/11/2019 17:23,mcs7h,stat5140fa19,Paired,1,OvalTrack,27,Gauss,Gauss,Gauss,1,23.79,96.45,3.39,7.53,-1,34.51,35.96,15.59,19.46,4.33,1500,0.05,1,2500,150,0.37
1826,11/11/2019 17:24,mcs7h,stat5140fa19,Paired,2,OvalTrack,1,Bayes,Bayes,Bayes,1,25.93,58.06,4.61,-1,-1,34.51,35.96,15.59,25.93,0,1500,0.15,1,2500,150,0.4
1830,11/11/2019 17:25,merc,stat5140fa19,Paired,1,OvalTrack,1,Bayes,Bayes,Bayes,1,35.07,45.74,4.84,-1,-1,32.16,33.97,15.06,35.07,0,1500,0.15,1,2500,150,0.4
1840,11/11/2019 17:32,merc,stat5140fa19,Paired,2,OvalTrack,27,Gauss,Gauss,Gauss,1,20.36,95.57,4.04,8.19,-1,16.28,17.66,-1,19.77,0.58,1500,0.05,1,2500,150,0.37
1820,11/11/2019 17:23,mm0011,stat5140fa19,Paired,1,OvalTrack,27,Gauss,Gauss,Gauss,1,23.84,74.68,3.39,13.94,-1,31.1,32.67,-1,23.73,0.11,1500,0.05,1,2500,150,0.37
1834,11/11/2019 17:25,mm0011,stat5140fa19,Paired,2,OvalTrack,1,Bayes,Bayes,Bayes,1,29.91,56.26,4.59,-1,-1,31.1,32.67,-1,27.97,1.93,1500,0.15,1,2500,150,0.4
1825,11/11/2019 17:24,panda,stat5140fa19,Paired,1,OvalTrack,1,Bayes,Bayes,Bayes,1,39.89,46.99,8.23,-1,-1,18.11,19.63,16.36,39.89,0,1500,0.15,1,2500,150,0.4
1833,11/11/2019 17:25,panda,stat5140fa19,Paired,2,OvalTrack,27,Gauss,Gauss,Gauss,1,24.39,73.38,3.39,12.59,-1,18.11,19.63,16.36,24.39,0,1500,0.05,1,2500,150,0.37
1818,11/11/2019 17:23,whythis,stat5140fa19,Paired,1,OvalTrack,27,Gauss,Gauss,Gauss,1,19.46,100.01,3.34,7.51,15.29,24.72,26.01,-1,18.63,0.83,1500,0.05,1,2500,150,0.37
1829,11/11/2019 17:25,whythis,stat5140fa19,Paired,2,OvalTrack,1,Bayes,Bayes,Bayes,1,25.99,55.83,4.61,-1,-1,24.72,26.01,-1,25.82,0.16,1500,0.15,1,2500,150,0.4
1816,11/11/2019 17:23,zefron,stat5140fa19,Paired,1,OvalTrack,27,Gauss,Gauss,Gauss,1,21.24,96.75,3.36,7.51,-1,8.29,-1,-1,19.74,1.49,1500,0.05,1,2500,150,0.37
1822,11/11/2019 17:24,zefron,stat5140fa19,Paired,2,OvalTrack,1,Bayes,Bayes,Bayes,1,26.09,58.72,4.59,-1,-1,8.29,16.83,-1,26.09,0,1500,0.15,1,2500,150,0.4
1801,11/11/2019 16:48,Sep-94,stat5140fa19,Paired,1,StraightTrack,1,Bayes,Bayes,Bayes,1,18.64,56.87,4.6,-1,-1,15.89,17.49,15.68,18.64,0,1500,0.15,1,2500,150,0.4
1805,11/11/2019 16:49,Sep-94,stat5140fa19,Paired,2,StraightTrack,27,Gauss,Gauss,Gauss,1,13.88,98.11,3.34,7.43,-1,15.89,17.49,15.68,13.88,0,1500,0.05,1,2500,150,0.37
1846,11/18/2019 14:31,jb123,stat5140fa19,Paired,1,StraightTrack,1,Bayes,Bayes,Bayes,1,18.64,56.82,4.59,-1,-1,16.56,18.06,15.67,18.64,0,1500,0.15,1,2500,150,0.4
1848,11/18/2019 14:32,jb123,stat5140fa19,Paired,2,StraightTrack,27,Gauss,Gauss,Gauss,1,13.87,97.94,3.34,7.43,-1,16.56,18.06,15.67,13.87,0,1500,0.05,1,2500,150,0.37
1793,11/11/2019 16:46,Sep-94,stat5140fa19,Tutorial,1,Tutorial,14,Nightingale,Nightingale,Nightingale,1,23.81,57.86,6.34,-1,-1,15.89,17.49,-1,23.81,0,1900,0.1,1,2500,150,0.44
1797,11/11/2019 16:47,Sep-94,stat5140fa19,Tutorial,2,Tutorial,1,Bayes,Bayes,Bayes,1,22.21,57.93,4.63,-1,-1,15.89,17.49,-1,22.21,0,1500,0.15,1,2500,150,0.4
1780,11/11/2019 16:45,ashfire777,stat5140fa19,Tutorial,1,Tutorial,14,Nightingale,Nightingale,Nightingale,1,24.64,57.97,7.14,-1,-1,16.96,18.08,17.08,24.64,0,1900,0.1,1,2500,150,0.44
1786,11/11/2019 16:46,ashfire777,stat5140fa19,Tutorial,2,Tutorial,1,Bayes,Bayes,Bayes,1,22.91,58.09,4.61,-1,-1,16.96,18.08,17.08,22.91,0,1500,0.15,1,2500,150,0.4
1783,11/11/2019 16:45,damagecontrl,stat5140fa19,Tutorial,1,Tutorial,14,Nightingale,Nightingale,Nightingale,1,29.09,55.8,7.68,-1,-1,20.71,22.43,-1,29.09,0,1900,0.1,1,2500,150,0.44
1792,11/11/2019 16:46,damagecontrl,stat5140fa19,Tutorial,2,Tutorial,1,Bayes,Bayes,Bayes,1,21.96,57.95,4.59,-1,-1,20.71,22.43,-1,21.96,0,1500,0.15,1,2500,150,0.4
1803,11/11/2019 16:48,dm1234,stat5140fa19,Tutorial,1,Tutorial,14,Nightingale,Nightingale,Nightingale,1,24.79,57.13,7.74,-1,-1,17.04,18.39,-1,24.79,0,1900,0.1,1,2500,150,0.44
1804,11/11/2019 16:49,dm1234,stat5140fa19,Tutorial,2,Tutorial,1,Bayes,Bayes,Bayes,1,22.08,58.06,4.59,-1,-1,17.04,18.39,-1,22.08,0,1500,0.15,1,2500,150,0.4
1785,11/11/2019 16:46,free,stat5140fa19,Tutorial,1,Tutorial,14,Nightingale,Nightingale,Nightingale,1,28.73,56.02,11.61,-1,-1,20.56,21.64,-1,28.73,0,1900,0.1,1,2500,150,0.44
1794,11/11/2019 16:47,free,stat5140fa19,Tutorial,2,Tutorial,1,Bayes,Bayes,Bayes,1,25.06,57.08,6.79,-1,-1,20.56,21.64,17.28,25.06,0,1500,0.15,1,2500,150,0.4
1779,11/11/2019 16:45,itsme2019,stat5140fa19,Tutorial,1,Tutorial,14,Nightingale,Nightingale,Nightingale,1,25.18,57.22,8.41,-1,-1,17.26,18.69,-1,25.18,0,1900,0.1,1,2500,150,0.44
1782,11/11/2019 16:45,itsme2019,stat5140fa19,Tutorial,2,Tutorial,1,Bayes,Bayes,Bayes,1,21.99,57.74,4.59,-1,-1,17.26,18.69,-1,21.99,0,1500,0.15,1,2500,150,0.4
1844,11/18/2019 14:29,jb123,stat5140fa19,Tutorial,1,Tutorial,14,Nightingale,Nightingale,Nightingale,1,24.3,57.79,7.11,-1,-1,16.56,18.06,-1,24.3,0,1900,0.1,1,2500,150,0.44
1845,11/18/2019 14:30,jb123,stat5140fa19,Tutorial,2,Tutorial,1,Bayes,Bayes,Bayes,1,21.89,57.96,4.64,-1,-1,16.56,18.06,-1,21.89,0,1500,0.15,1,2500,150,0.4
1788,11/11/2019 16:46,mcs7h,stat5140fa19,Tutorial,1,Tutorial,1,Bayes,Bayes,Bayes,1,21.98,58.04,4.58,-1,-1,34.51,35.96,-1,21.98,0,1500,0.15,1,2500,150,0.4
1811,11/11/2019 16:56,mcs7h,stat5140fa19,Tutorial,2,Tutorial,14,Nightingale,Nightingale,Nightingale,1,22.59,57.45,6.39,-1,-1,34.51,35.96,15.59,22.59,0,1900,0.1,1,2500,150,0.44
1795,11/11/2019 16:47,merc,stat5140fa19,Tutorial,1,Tutorial,1,Bayes,Bayes,Bayes,1,22.79,55.5,4.93,-1,-1,32.16,33.97,15.06,22.79,0,1500,0.15,1,2500,150,0.4
1837,11/11/2019 17:31,merc,stat5140fa19,Tutorial,2,Tutorial,14,Nightingale,Nightingale,Nightingale,1,26.19,50.62,6.33,-1,-1,16.28,17.66,-1,26.19,0,1900,0.1,1,2500,150,0.44
1787,11/11/2019 16:46,panda,stat5140fa19,Tutorial,1,Tutorial,14,Nightingale,Nightingale,Nightingale,1,32.41,44.11,6.36,-1,-1,18.11,19.63,16.36,32.41,0,1900,0.1,1,2500,150,0.44
1796,11/11/2019 16:47,panda,stat5140fa19,Tutorial,2,Tutorial,1,Bayes,Bayes,Bayes,1,28.01,48.72,4.59,-1,-1,18.11,19.63,16.36,28.01,0,1500,0.15,1,2500,150,0.4
1788,11/11/2019 16:46,teachertest,stat5140fa19,Tutorial,1,Tutorial,14,Nightingale,Nightingale,Nightingale,1,47.82,45.91,36.71,-1,-1,34.41,37.15,-1,47.82,0,1900,0.1,1,2500,150,0.44
1799,11/11/2019 16:47,teachertest,stat5140fa19,Tutorial,2,Tutorial,1,Bayes,Bayes,Bayes,1,43.15,41.57,4.6,-1,-1,34.41,37.15,-1,43.15,0,1500,0.15,1,2500,150,0.4
1806,11/11/2019 16:51,whythis,stat5140fa19,Tutorial,1,Tutorial,14,Nightingale,Nightingale,Nightingale,1,32.72,56.13,17.89,-1,-1,24.72,26.01,-1,32.72,0,1900,0.1,1,2500,150,0.44
1807,11/11/2019 16:52,whythis,stat5140fa19,Tutorial,2,Tutorial,1,Bayes,Bayes,Bayes,1,21.84,57.81,4.59,-1,-1,24.72,26.01,-1,21.84,0,1500,0.15,1,2500,150,0.4
1784,11/11/2019 16:45,zefron,stat5140fa19,Tutorial,1,Tutorial,14,Nightingale,Nightingale,Nightingale,1,23.74,57.81,6.34,-1,-1,16.04,17.48,-1,23.74,0,1900,0.1,1,2500,150,0.44
1791,11/11/2019 16:46,zefron,stat5140fa19,Tutorial,2,Tutorial,1,Bayes,Bayes,Bayes,1,22.14,58.14,4.59,-1,-1,16.04,17.48,-1,22.14,0,1500,0.15,1,2500,150,0.4
